UPC,Title,Price,Rating,Availability,Category
a897fe39b1053632,A Light In The Attic,51.77,3.0,22,Poetry
90fa61229261140a,Tipping The Velvet,53.74,1.0,20,Historical Fiction
6957f44c3847a760,Soumission,50.1,1.0,20,Fiction
e00eb4fd7b871a48,Sharp Objects,47.82,4.0,20,Mystery
4165285e1663650f,Sapiens A Brief History Of Humankind,54.23,5.0,20,History
f77dbf2323deb740,The Requiem Red,22.65,1.0,19,Young Adult
2597b5a345f45e1b,The Dirty Little Secrets Of Getting Your Dream Job,33.34,4.0,19,Business
e72a5dfc7e9267b2,The Coming Woman A Novel Based On The Life Of The Infamous Feminist Victoria Woodhull,17.93,3.0,19,Default
e10e1e165dc8be4a,The Boys In The Boat Nine Americans And Their Epic Quest For Gold At The 1936 Berlin Olympics,22.6,4.0,19,Default
1dfe412b8ac00530,The Black Maria,52.15,1.0,19,Poetry
0312262ecafa5a40,Starving Hearts Triangular Trade Trilogy 1,13.99,2.0,19,Default
30a7f60cd76ca58c,ShakespeareS Sonnets,20.66,4.0,19,Poetry
ce6396b0f23f6ecc,Set Me Free,17.46,5.0,19,Young Adult
3b1c02bac2a429e6,Scott PilgrimS Precious Little Life Scott Pilgrim 1,52.29,5.0,19,Sequential Art
a34ba96d4081e6a4,Rip It Up And Start Again,35.02,5.0,19,Music
deda3e61b9514b83,Our Band Could Be Your Life Scenes From The American Indie Underground 1981-1991,57.25,3.0,19,Music
feb7cc7701ecf901,Olio,23.88,1.0,19,Poetry
e30f54cea9b38190,Mesaerion The Best Science Fiction Stories 1800-1849,37.59,1.0,19,Science Fiction
a18a4f574854aced,Libertarianism For Beginners,51.33,2.0,19,Politics
a22124811bfa8350,ItS Only The Himalayas,45.17,2.0,19,Travel
23356462d1320d61,In Her Wake,12.84,1.0,19,Thriller
327f68a59745c102,How Music Works,37.32,2.0,19,Music
5674a18a29a43ced,Foolproof Preserving A Guide To Small Batch Jams Jellies Pickles Condiments And More A Foolproof Guide To Making Small Batch Jams Jellies Pickles Condiments And More,30.52,3.0,19,Food And Drink
c2e46a2ee3b4a322,Chase Me Paris Nights 2,25.27,5.0,19,Romance
00bfed9e18bb36f3,Black Dust,34.53,5.0,19,Romance
9528d0948525bf5f,Birdsong A Story In Pictures,54.64,3.0,19,Childrens
c7d160c2c0de586f,AmericaS Cradle Of Quarterbacks Western PennsylvaniaS Football Factory From Johnny Unitas To Joe Montana,22.5,3.0,19,Default
904208d6aa64b655,Aladdin And His Wonderful Lamp,53.13,3.0,19,Default
4c28def39d850cdf,Worlds Elsewhere Journeys Around ShakespeareS Globe,40.3,5.0,18,Nonfiction
ccd9ffa25efabdea,Wall And Piece,44.18,4.0,18,Art
6258a1f6a6dcfe50,The Four Agreements A Practical Guide To Personal Freedom,17.66,5.0,18,Spirituality
3c039985229453bf,The Five Love Languages How To Express Heartfelt Commitment To Your Mate,31.05,3.0,18,Nonfiction
5dada2b7be26bd03,The Elephant Tree,23.82,5.0,18,Thriller
9f6568e9c95f60b0,The Bear And The Piano,36.89,1.0,18,Childrens
6be3beb0793a53e7,SophieS World,15.94,5.0,18,Philosophy
668fe56b17cfcd4f,Penny Maybe,33.29,3.0,18,Default
094b269567e1c300,Maude 1883-1993She Grew Up With The Country,18.02,2.0,18,Default
19ed25f4641d5efd,In A Dark Dark Wood,19.63,1.0,18,Mystery
be5cc846f45496fb,Behind Closed Doors,52.22,4.0,18,Thriller
55f9da0c5eea2e10,You CanT Bury Them All Poems,33.63,2.0,17,Poetry
b4fd5943413e089a,Slow States Of Collapse Poems,57.31,3.0,17,Poetry
c8f7f0cb1abb9cac,Reasons To Stay Alive,26.41,2.0,17,Nonfiction
b12b89017878a60d,Private Paris Private 10,47.61,5.0,17,Fiction
c27f6e1f185b0383,Higherselfie Wake Up Your Life Free Your Soul Find Your Tribe,23.11,5.0,17,Nonfiction
acddfeab2a407640,Without Borders Wanderlove 1,45.07,2.0,16,New Adult
3ecb690d1542c568,When We Collided,31.77,1.0,16,Contemporary
8d455c7539795d2a,We Love You Charlie Freeman,50.27,5.0,16,Fiction
657fe5ead67a7767,Untitled Collection Sabbath Poems 2014,14.27,4.0,16,Poetry
d170b5a0da46380e,Unseen City The Majesty Of Pigeons The Discreet Charm Of Snails  Other Wonders Of The Urban Wilderness,44.18,4.0,16,Nonfiction
7ae099f3898e0209,Unicorn Tracks,18.78,3.0,16,Fantasy
9a9d6e9bc555731e,Unbound How Eight Technologies Made Us Human Transformed Society And Brought Our World To The Brink,25.52,1.0,16,History
09555be379ad9253,Tsubasa World Chronicle 2 Tsubasa World Chronicle 2,16.28,1.0,16,Sequential Art
7858914fad68493c,Throwing Rocks At The Google Bus How Growth Became The Enemy Of Prosperity,31.12,3.0,16,Nonfiction
51653ef291ab7ddc,This One Summer,19.49,4.0,16,Sequential Art
709822d0b5bcb7f4,Thirst,17.27,5.0,16,Fiction
4eed62cf5f8d8edf,The Torch Is Passed A Harding Family Story,19.09,1.0,16,Add A Comment
b5ea0b5dabed25a8,The Secret Of Dreadwillow Carse,56.13,1.0,16,Childrens
142d767a56a9254d,The Pioneer Woman Cooks Dinnertime Comfort Classics Freezer Food 16-Minute Meals And Other Delicious Ways To Solve Supper,56.41,1.0,16,Food And Drink
5ee94540d0749ea0,The Past Never Ends,56.5,4.0,16,Mystery
cedf82b5086e4691,The Natural History Of Us The Fine Art Of Pretending 2,45.22,3.0,16,Young Adult
7d385d34d12e60ff,The Nameless City The Nameless City 1,38.16,4.0,16,Sequential Art
d01ac97e2b8947c2,The Murder That Never Was Forensic Instincts 5,54.11,3.0,16,Fiction
aadee1c326d286e3,The Most Perfect Thing Inside And Outside A BirdS Egg,42.96,4.0,16,Science
31075275518532d7,The Mindfulness And Acceptance Workbook For Anxiety A Guide To Breaking Free From Anxiety Phobias And Worry Using Acceptance And Commitment Therapy,23.89,4.0,16,Add A Comment
0da9aa9d24677fc0,The Life-Changing Magic Of Tidying Up The Japanese Art Of Decluttering And Organizing,16.77,3.0,16,Nonfiction
8c9e6bf2467d740d,The Inefficiency Assassin Time Management Tactics For Working Smarter Not Longer,20.59,5.0,16,Default
acd86a5426e21ca0,The Gutsy Girl Escapades For Your Life Of Epic Adventure,37.13,1.0,16,Nonfiction
a30b270e25489e5c,The Electric Pencil Drawings From Inside State Hospital No 3,56.06,1.0,16,Nonfiction
bd261725b99f5983,The Death Of Humanity And The Case For Life,58.11,4.0,16,Philosophy
43c6a960757cf559,The Bulletproof Diet Lose Up To A Pound A Day Reclaim Energy And Focus Upgrade Your Life,49.05,3.0,16,Health
80cfab6bcff3a244,The Art Forger,40.76,3.0,16,Add A Comment
a3d2a4250807f1e9,The Age Of Genius The Seventeenth Century And The Birth Of The Modern Mind,19.73,1.0,16,History
7d6d2a6c0276f81b,The ActivistS Tao Te Ching Ancient Advice For A Modern Revolution,32.24,5.0,16,Spirituality
87b0615b6e1f4d7b,Spark Joy An Illustrated Master Class On The Art Of Organizing And Tidying Up,41.83,4.0,16,Nonfiction
e6af5bf1163c1151,Soul Reader,39.58,2.0,16,Default
6f78a0d744c35456,Security,39.25,2.0,16,Horror
c849f0b2f5d6a742,Saga Volume 6 Saga Collected Editions 6,25.02,3.0,16,Fantasy
53a3d11bb568cc8b,Saga Volume 5 Saga Collected Editions 5,51.04,2.0,16,Sequential Art
d7310206583a54b6,Reskilling America Learning To Labor In The Twenty-First Century,19.83,2.0,16,Nonfiction
c82a3e358c773c73,Rat Queens Vol 3 Demons Rat Queens Collected Editions 11-15,50.4,3.0,16,Sequential Art
0fa6dceead7ce47a,Princess Jellyfish 2-In-1 Omnibus Vol 01 Princess Jellyfish 2-In-1 Omnibus 1,13.61,5.0,16,Sequential Art
0e691eda369f4e09,Princess Between Worlds Wide-Awake Princess 5,13.34,5.0,16,Fantasy
e80f8e518b300dfe,Pop Gun War Volume 1 Gift,18.97,1.0,16,Sequential Art
7392c0032f92d816,Political Suicide Missteps Peccadilloes Bad Calls Backroom Hijinx Sordid Pasts Rotten Breaks And Just Plain Dumb Mistakes In The Annals Of American Politics,36.28,2.0,16,History
9429b4d59c537af5,Patience,10.16,3.0,16,Sequential Art
889139b8e9c4cb36,Outcast Vol 1 A Darkness Surrounds Him Outcast 1,15.44,4.0,16,Sequential Art
11809b1d323b3057,Orange The Complete Collection 1 Orange The Complete Collection 1,48.41,1.0,16,Sequential Art
9ffa38d3b832433a,Online Marketing For Busy Authors A Step-By-Step Guide,46.35,1.0,16,Self Help
b757c0c361e689ce,On A Midnight Clear,14.07,3.0,16,Add A Comment
3c346ab1e76ae1f6,Obsidian Lux 1,14.86,2.0,16,Young Adult
784bc2279baa878d,My Paris Kitchen Recipes And Stories,33.37,2.0,16,Food And Drink
fa9610a50a1bf149,Masks And Shadows,56.4,2.0,16,Fantasy
72f9d5be3472d34e,Mama Tried Traditional Italian Cooking For The Screwed Crude Vegan And Tattooed,14.02,4.0,16,Food And Drink
460089f796fb3f82,Lumberjanes Vol 2 Friendship To The Max Lumberjanes 5-8,46.91,2.0,16,Sequential Art
b6ee99bcf06fc91f,Lumberjanes Vol 1 Beware The Kitten Holy Lumberjanes 1-4,45.61,3.0,16,Sequential Art
57e5a4d515c8ce44,Lumberjanes Vol 3 A Terrible Plan Lumberjanes 9-12,19.92,2.0,16,Sequential Art
7b75cc7f223791f4,Layered Baking Building And Styling Spectacular Cakes,40.11,1.0,16,Food And Drink
228f74b74f3a08ae,Judo Seven Steps To Black Belt An Introductory Guide For Beginners,53.9,2.0,16,Add A Comment
18ad3ed896c7ce05,Join,35.67,5.0,16,Science Fiction
b136b1b180ca753a,In The Country We Love My Family Divided,22.0,4.0,16,Nonfiction
e4f74c16de34d440,Immunity How Elie Metchnikoff Changed The Course Of Modern Medicine,57.36,5.0,16,Science
8d4eefad7a2b3915,I Hate Fairyland Vol 1 Madly Ever After I Hate Fairyland Compilations 1-5,29.17,2.0,16,Sequential Art
1c89ae5bb804e4de,I Am A Hero Omnibus Volume 1,54.63,3.0,16,Sequential Art
a6f99b9e687f9d46,How To Be Miserable 40 Strategies You Already Use,46.03,1.0,16,Self Help
2a97cffe61c3c4c7,Her Backup Boyfriend The Sorensen Family 1,33.97,1.0,16,Romance
f2df3bb043a8abb0,Giant Days Vol 2 Giant Days 5-8,22.11,2.0,16,Sequential Art
9beb96a2300109d7,Forever And Forever The Courtship Of Henry Longfellow And Fanny Appleton,29.69,3.0,16,Historical Fiction
9e28048cea8d41f7,First And First Five Boroughs 3,15.97,4.0,16,Romance
7add3f8e49ec0826,Fifty Shades Darker Fifty Shades 2,21.96,1.0,16,Romance
311c0dd0e354a33e,Everydata The Misinformation Hidden In The Little Data You Consume Every Day,54.35,2.0,16,Nonfiction
09b6cc87e62c2c58,Danganronpa Volume 1,51.99,4.0,16,Sequential Art
7267864328ae8b9d,Crown Of Midnight Throne Of Glass 2,43.29,3.0,16,Fantasy
8754c83ab2a7ae71,Codename Baboushka Volume 1 The Conclave Of Death,36.72,4.0,16,Sequential Art
7b599c8bfcdd8d30,Camp Midnight,17.08,4.0,16,Sequential Art
bee3672891cca906,Call The Nurse True Stories Of A Country Nurse On A Scottish Isle,29.14,5.0,16,Nonfiction
5ceb951f629700a2,Burning,28.81,3.0,16,Young Adult
74baabfc8fd84b38,Bossypants,49.46,2.0,16,Default
bdf415fd484ea8a7,Bitch Planet Vol 1 Extraordinary Machine Bitch Planet Collected Editions,37.92,2.0,16,Sequential Art
6d5300b2d8f37e07,Avatar The Last Airbender Smoke And Shadow Part 3 Smoke And Shadow 3,28.09,2.0,16,Fantasy
38d45839cb1c83c1,Algorithms To Live By The Computer Science Of Human Decisions,30.81,1.0,16,Nonfiction
70ed59f194b3c556,A World Of Flavor Your Gluten Free Passport,42.95,1.0,16,Default
8a380641491d43ed,A Piece Of Sky A Grain Of Rice A Memoir In Four Meditations,56.76,5.0,16,Default
f733e8c19d40ec2e,A Murder In Time,16.64,1.0,16,Mystery
3a6fb983e2554023,A Flight Of Arrows The Pathfinders 2,55.53,5.0,16,Historical Fiction
842790dfaa937484,A Fierce And Subtle Poison,28.13,4.0,16,Young Adult
01d2001ac1e6f8a3,A Court Of Thorns And Roses A Court Of Thorns And Roses 1,52.37,1.0,16,Fantasy
e4ac92d89b946781,UnQualified How God Uses Broken People To Do Big Things,54.0,5.0,16,Christian
796c87ddbbaaf8c5,You Are What You Love The Spiritual Power Of Habit,21.87,4.0,15,Religion
9270575728a13a61,William ShakespeareS Star Wars Verily A New Hope William ShakespeareS Star Wars 4,43.3,4.0,15,Science Fiction
b8736690cf263a3c,Tuesday Nights In 1980,21.04,2.0,15,Fiction
d7d6d50c1e3d0b81,Tracing Numbers On A Train,41.6,3.0,15,Default
590a9cccf7db9f7d,Throne Of Glass Throne Of Glass 1,35.07,3.0,15,Fantasy
de3f25248ba0789f,Thomas Jefferson And The Tripoli Pirates The Forgotten War That Changed American History,59.64,1.0,15,History
bc2a85fd35fdc7bd,Thirteen Reasons Why,52.72,1.0,15,Default
37c0cb19713d8dda,The White Cat And The Monk A Retelling Of The Poem Pangur Bn,58.08,4.0,15,Childrens
623e1a180426039b,The Wedding Dress,24.12,1.0,15,Romance
fd3a622648667296,The Vacationers,42.15,4.0,15,Fiction
3bebf34ee9330cbd,The Third Wave An EntrepreneurS Vision Of The Future,12.61,5.0,15,Business
f5a92cff83897d48,The Stranger,17.44,4.0,15,Philosophy
d6361d16212664ed,The Shadow Hero The Shadow Hero,33.14,1.0,15,Sequential Art
961f18db4f138211,The Secret The Secret 1,27.37,4.0,15,Default
0651062381f0636a,The Regional Office Is Under Attack,51.36,5.0,15,Fiction
790ef197c8f236f5,The Project,10.65,1.0,15,Science Fiction
8ec14b1576cb7cb5,The Power Of Now A Guide To Spiritual Enlightenment,43.54,2.0,15,Nonfiction
209adad1015af86f,The OmnivoreS Dilemma A Natural History Of Four Meals,38.21,2.0,15,Nonfiction
e4c7f3487d17fd42,The Nerdy Nummies Cookbook Sweet Treats For The Geek In All Of Us,37.34,5.0,15,Food And Drink
c7b5183f4d1d4efe,The Murder Of Roger Ackroyd Hercule Poirot 4,44.1,4.0,15,Mystery
99ff4cc6491e8f5c,The Mistake Off-Campus 2,43.29,3.0,15,New Adult
08db62f24627e71f,The MatchmakerS Playbook Wingmen Inc 1,55.85,1.0,15,New Adult
e28e330cbdf01126,The Love And Lemons Cookbook An Apple-To-Zucchini Celebration Of Impromptu Cooking,37.6,2.0,15,Food And Drink
abeafe151a587d3b,The Long Shadow Of Small Ghosts Murder And Memory In An American City,10.97,1.0,15,Crime
eac1a180047ad54e,The Kite Runner,41.82,4.0,15,Default
9287e238d7c3b06e,The House By The Lake,36.95,1.0,15,Historical Fiction
2dbb7ec08cdd7f3c,The Glittering Court The Glittering Court 1,44.28,1.0,15,Fantasy
e956d67c9bcc5809,The Girl On The Train,55.02,2.0,15,Default
42d0d7c92b75fc1c,The Genius Of Birds,17.24,1.0,15,Nonfiction
d6670dfe3e7b42bd,The Emerald Mystery,23.15,2.0,15,Default
96a38e7c813d8f1d,The Cookies  Cups Cookbook 125 Sweet  Savory Recipes Reminding You To Always Eat Dessert First,41.25,1.0,15,Food And Drink
efc3768127714ec3,The Bridge To Consciousness IM Writing The Bridge Between Science And Our Old And New Beliefs,32.0,3.0,15,Default
dd047728de72ad62,The ArtistS Way A Spiritual Path To Higher Creativity,38.49,5.0,15,Nonfiction
e7469e22b5bfb3e7,The Art Of War,33.34,5.0,15,Default
c99761a700ade23f,The Argonauts,10.93,2.0,15,Autobiography
56e4f9eab2e8e674,The 10 Entrepreneur Live Your Startup Dream Without Quitting Your Day Job,27.55,3.0,15,Business
203b7f94b7d6115f,Suddenly In Love Lake Haven 1,55.99,2.0,15,Romance
ca71e72655bece85,Something More Than This,16.24,4.0,15,Romance
2a70769cdc6eb8b8,Soft Apocalypse,26.12,2.0,15,Science Fiction
1b33663ad7b95fd8,So YouVe Been Publicly Shamed,12.23,2.0,15,Nonfiction
0e0dcc3339602b28,Shoe Dog A Memoir By The Creator Of Nike,23.99,2.0,15,Business
0c27e6c3744fc14b,Shobu Samurai Project Aryoku 3,29.06,3.0,15,Add A Comment
ad04ad9fc179fc5d,Secrets And Lace Fatal Hearts 1,20.27,1.0,15,Default
1c929cfd16b71907,Scarlett Epstein Hates It Here,43.55,5.0,15,Young Adult
e656e280bc8edd56,Romero And Juliet A Tragic Tale Of Love And Zombies,36.94,1.0,15,Default
b53db2271c9624f7,Redeeming Love,20.47,5.0,15,Christian Fiction
d9c643fa1fc57bdb,Poses For Artists Volume 1 - Dynamic And Sitting Poses An Essential Reference For Figure Drawing And The Human Form,41.06,1.0,15,Default
31001a1210623bd4,Poems That Make Grown Women Cry,14.19,4.0,15,Poetry
50b8f80311b31ede,Nightingale Sing,38.28,1.0,15,Young Adult
cfeb1e1e0e695b58,Night Sky With Exit Wounds,41.05,1.0,15,Poetry
a40723994f715420,Mrs Houdini,30.25,5.0,15,Historical Fiction
caf4fe9311f1dc59,Modern Romance,28.26,5.0,15,Add A Comment
af96613fdd793a3c,Miss PeregrineS Home For Peculiar Children Miss PeregrineS Peculiar Children 1,10.76,1.0,15,Default
d69dd8dac66f9f84,Louisa The Extraordinary Life Of Mrs Adams,16.85,2.0,15,Biography
4aa03792b50f0b22,Little Red,13.47,3.0,15,Childrens
ba54932df84e8cea,Library Of Souls Miss PeregrineS Peculiar Children 3,48.56,5.0,15,Young Adult
c1afd71fc86bf682,Large Print Heart Of The Pride,19.15,2.0,15,Default
fd8585283fc7d2d7,I Had A Nice Time And Other Lies How To Find Love  ShT Like That,57.36,4.0,15,Womens Fiction
4ce91d31c1e57c33,Hollow City Miss PeregrineS Peculiar Children 2,42.98,1.0,15,Fantasy
d163dd6c352fbcd2,Grumbles,22.16,2.0,15,Default
ce60436f52c5ee68,Full Moon Over NoahS Ark An Odyssey To Mount Ararat And Beyond,49.43,4.0,15,Travel
116a2fdc9a45bab0,Frostbite Vampire Academy 2,29.99,5.0,15,Young Adult
8585760646e3aa2a,Follow You Home,21.36,1.0,15,Horror
2f88b08bf0a0e367,First Steps For New Christians Print Edition,29.0,1.0,15,Default
edb3097e71330040,Finders Keepers Bill Hodges Trilogy 2,53.53,5.0,15,Fiction
65d034adf80834b7,Fables Vol 1 Legends In Exile Fables 1,41.62,4.0,15,Sequential Art
29c0025455f8c585,Eureka Trivia 60,54.59,4.0,15,Default
6ffb36aaeff1c81e,Drive The Surprising Truth About What Motivates Us,34.95,4.0,15,Default
f6d967cdadc6fbd9,Done Rubbed Out Reightman  Bailey 1,37.72,5.0,15,Default
3a11bb962ff45b78,Doing It Over Most Likely To 1,35.61,3.0,15,Romance
46c1530d7546ea6d,Deliciously Ella Every Day Quick And Easy Recipes For Gluten-Free Snacks Packed Lunches And Simple Meals,42.16,3.0,15,Food And Drink
88c21fcd38e2486e,Dark Notes,19.19,5.0,15,Erotica
3b9a3b4624b7fd6d,Daring Greatly How The Courage To Be Vulnerable Transforms The Way We Live Love Parent And Lead,19.43,3.0,15,Nonfiction
a57b1dcbd6849222,Close To You,49.46,4.0,15,Christian Fiction
513271dadc1322ae,Chasing Heaven What Dying Taught Me About Living,37.8,2.0,15,Spirituality
1f329c2e7d7de8bd,Big Magic Creative Living Beyond Fear,30.8,3.0,15,Nonfiction
919e7cb2269a25d2,Becoming Wise An Inquiry Into The Mystery And Art Of Living,27.43,2.0,15,Nonfiction
3f69e667a67e54d9,Beauty Restored Riley Family Legacy Novellas 3,11.11,2.0,15,Default
7edc0527cf782e19,Batman The Long Halloween Batman,36.5,2.0,15,Sequential Art
47271d8e08b5d31c,Batman The Dark Knight Returns Batman,15.38,5.0,15,Sequential Art
05f7c6d9a4e582d3,AyumiS Violin,15.48,2.0,15,Default
d24b829be2ca81c4,Anonymous,46.82,4.0,15,Default
7ebfa6c1bee69e1e,Amy Meets The Saints And Sages,18.46,3.0,15,Default
bb8245f52c7cce8f,Amid The Chaos,36.58,1.0,15,Cultural
ffd54178acc9a6a5,Amatus,50.54,5.0,15,Default
d195e7f4ed697350,Agnostic A Spirited Manifesto,12.51,5.0,15,Nonfiction
dd5bfa6cc2c0ecc3,Zealot The Life And Times Of Jesus Of Nazareth,24.7,3.0,14,History
024387ca4cafd5cc,You You 1,43.61,5.0,14,Thriller
047097293bb4d1c0,Wonder Woman Earth One Volume One Wonder Woman Earth One 1,37.34,4.0,14,Sequential Art
3fb15ace50d6142b,Wild Swans,14.36,2.0,14,Young Adult
2b5054a4192e9b06,Why The Right Went Wrong Conservatism--From Goldwater To The Tea Party And Beyond,52.65,4.0,14,Politics
44a10f1ac8ce822e,Whole Lotta Creativity Going On 60 Fun And Unusual Exercises To Awaken And Strengthen Your Creativity,38.2,4.0,14,Nonfiction
6fd646a334e6e133,WhatS It Like In Space Stories From Astronauts WhoVe Been There,19.6,2.0,14,Nonfiction
92275cedf6d8ee15,We Are Robin Vol 1 The Vigilante Business We Are Robin 1,53.9,1.0,14,Sequential Art
6a31307a81e8f3a8,Walt DisneyS Alice In Wonderland,12.96,5.0,14,Childrens
4a1debca3135ff37,V For Vendetta V For Vendetta Complete,37.1,4.0,14,Default
aba2db9afb1469c7,Until Friday Night The Field Party 1,46.31,2.0,14,Young Adult
76c84daa539426e2,Unbroken A World War Ii Story Of Survival Resilience And Redemption,45.95,2.0,14,Default
1d6443ffba9dfd80,Twenty Yawns,22.08,2.0,14,Childrens
6e44bcbeac7f4360,Through The Woods,25.38,2.0,14,Sequential Art
f0f38174a7e689a3,This Is Where It Ends,27.12,2.0,14,Young Adult
34c0d7c4ee5650af,The Year Of Magical Thinking,43.04,2.0,14,Nonfiction
08b2f71d93836313,The Wright Brothers,56.8,4.0,14,Default
6875c5657661b2fb,The White Queen The Cousins War 1,25.91,5.0,14,Add A Comment
c5cb9f885d8b3621,The Wedding Pact The OMalleys 2,32.61,3.0,14,Romance
e9906e2f0d189745,The Time Keeper,27.88,5.0,14,Fiction
1528279aec1f3dce,The Star-Touched Queen,46.02,5.0,14,Fantasy
00c4543ec6bd25b4,The Songs Of The Gods,44.48,5.0,14,Default
e88fb1c9397cfb27,The Song Of Achilles,37.4,5.0,14,Add A Comment
012094e90a4b908d,The Rosie Project Don Tillman 1,54.04,1.0,14,Default
6bdd909329435e80,The Power Of Habit Why We Do What We Do In Life And Business,16.88,3.0,14,Default
52cf2a5933ec5d8f,The Marriage Of Opposites,28.08,4.0,14,Historical Fiction
4e812d32d64e2431,The Lucifer Effect Understanding How Good People Turn Evil,10.4,1.0,14,Psychology
f21effc079a2b38a,The Long Haul Diary Of A Wimpy Kid 9,44.07,1.0,14,Humor
2d88a31f325dfd3b,The Loney,23.4,1.0,14,Horror
4881cc53f6c8892f,The Literature Book Big Ideas Simply Explained,17.43,3.0,14,Nonfiction
3bc89353f7e3a3cc,The Last Mile Amos Decker 2,54.21,2.0,14,Mystery
f72f61ad6a5f12ed,The Immortal Life Of Henrietta Lacks,40.67,2.0,14,Add A Comment
992974ba6a0536ea,The Hidden Oracle The Trials Of Apollo 1,52.26,2.0,14,Fantasy
ddc8340dabc8641b,The Help Yourself Cookbook For Kids 60 Easy Plant-Based Recipes Kids Can Make To Stay Healthy And Save The Earth,28.77,3.0,14,Food And Drink
847935fc68707426,The Guilty Will Robie 4,13.82,2.0,14,Thriller
a86972014275e072,The First Hostage JB Collins 2,25.85,3.0,14,Fiction
3d76bc83c6b644c9,The Dovekeepers,48.78,1.0,14,Add A Comment
6edacfd1f8ebb9eb,The Darkest Lie,35.35,5.0,14,Young Adult
dc6f688b82e42a5b,The Bane Chronicles The Bane Chronicles 1-11,44.73,4.0,14,Fantasy
923831a05c9f91f7,The Bad-Ass Librarians Of Timbuktu And Their Race To Save The WorldS Most Precious Manuscripts,15.77,1.0,14,Nonfiction
1b8187fa4bf6ab05,The 14Th Colony Cotton Malone 11,39.24,1.0,14,Thriller
0c7b9cf2b7662b65,That Darkness Gardiner And Renner 1,13.92,1.0,14,Mystery
2d1e337aaf341858,Tastes Like Fear Di Marnie Rome 3,10.69,1.0,14,Mystery
2c04320e110a14a3,Take Me With You,45.21,3.0,14,Fiction
4c8b7540409da4ac,Swell A Year Of Waves,45.58,1.0,14,Nonfiction
ac8e3949d284e9a9,Superman Vol 1 Before Truth Superman By Gene Luen Yang 1,11.89,5.0,14,Sequential Art
fe44cc816576c652,Still Life With Bread Crumbs,26.41,3.0,14,Fiction
95019eac1c0a052f,Steve Jobs,39.5,5.0,14,Default
3edcccc4f341fb1a,Sorting The Beef From The Bull The Science Of Food Fraud Forensics,44.74,4.0,14,Science
a278db6b2b09cf9f,Someone Like You The Harrisons 2,52.79,5.0,14,Contemporary
394f6d30cafc3edb,So Cute It Hurts Vol 6 So Cute It Hurts 6,35.43,4.0,14,Sequential Art
830fb3967c74866d,Shtum,55.84,4.0,14,Fiction
f9705c362f070608,See America A Celebration Of Our National Parks  Treasured Sites,48.87,3.0,14,Travel
86cbddb61ea78bb7,Salt,46.78,4.0,14,Poetry
85b2176b3b194030,Robin War,47.82,3.0,14,Sequential Art
31e2e2d9cca3778f,Red HoodArsenal Vol 1 Open For Business Red HoodArsenal 1,25.48,2.0,14,Sequential Art
a6454e329f872b78,Rain Fish,23.57,3.0,14,Childrens
aa35446aab16017f,Quarter Life Poetry Poems For The Young Broke And Hangry,50.89,5.0,14,Poetry
af58a74e4b2a23a0,Pet Sematary,10.56,3.0,14,Horror
8ecf0356a3878811,Overload How To Unplug Unwind And Unleash Yourself From The Pressure Of Stress,52.15,3.0,14,Self Help
e34efcc824685332,Once Was A Time,18.28,2.0,14,Childrens
02b74068fa98d8a4,Old School Diary Of A Wimpy Kid 10,11.83,5.0,14,Humor
132ec5e8c984adef,No Dream Is Too High Life Lessons From A Man Who Walked On The Moon,21.95,2.0,14,Nonfiction
71e36f33981ddb74,Naruto 3-In-1 Edition Vol 14 Includes Vols 40 41  42 Naruto Omnibus 14,38.39,2.0,14,Sequential Art
727bf2b86b19ad88,My Name Is Lucy Barton,41.56,1.0,14,Fiction
cc82685d9f49bc2c,My Mrs Brown,24.48,3.0,14,Fiction
137b0b2775701e11,My Kind Of Crazy,40.36,1.0,14,Young Adult
caa2e5b3fb1b2d4c,Mr Mercedes Bill Hodges Trilogy 1,28.9,1.0,14,Fiction
47d47155e89c8be7,More Than Music Chasing The Dream 1,37.61,2.0,14,Add A Comment
b96fc7a0ea7d4b45,Made To Stick Why Some Ideas Survive And Others Die,38.85,5.0,14,Business
5b43cae640f2338a,Luis Paints The World,53.95,3.0,14,Childrens
d512871626a5e588,Luckiest Girl Alive,49.83,3.0,14,Default
a10c7515834240f3,Lowriders To The Center Of The Earth Lowriders In Space 2,51.51,2.0,14,Sequential Art
adb5f51c2e2ab13f,Love Is A Mix Tape Music 1,18.03,1.0,14,Music
24af96df0bafb925,Looking For Lovely Collecting The Moments That Matter,29.14,5.0,14,Nonfiction
17fb5a88180f9904,Living Leadership By Insight A Good Leader Achieves A Great Leader Builds Monuments,46.91,4.0,14,Default
1174156c4a0eccaa,Let It Out A Journey Through Journaling,26.79,5.0,14,Nonfiction
708345c9897fd7c5,Lady Midnight The Dark Artifices 1,16.28,5.0,14,Default
245e6bf08b8d2955,ItS All Easy Healthy Delicious Weeknight Meals In Under 30 Minutes,19.55,1.0,14,Food And Drink
2b52334fab158861,Island Of Dragons Unwanteds 7,29.65,1.0,14,Fantasy
b8a8ff84233f0570,I Know What IM Doing -- And Other Lies I Tell Myself Dispatches From A Life Under Construction,25.98,4.0,14,Humor
aeff7b87a8e83ebb,I Am Pilgrim Pilgrim 1,10.6,4.0,14,Fiction
fbb21a2f71f4d981,Hyperbole And A Half Unfortunate Situations Flawed Coping Mechanisms Mayhem And Other Things That Happened,14.75,5.0,14,Humor
6b6cd77fbc91b7a6,Hush Hush Hush Hush 1,47.02,3.0,14,Default
0b165bd4b9f42fd5,Hold Your Breath Search And Rescue 1,28.82,1.0,14,Romance
afa829857f82f99e,Hamilton The Revolution,58.79,3.0,14,Nonfiction
f201f263d8c23f97,Greek Mythic History,10.23,5.0,14,Default
eec424a84c9e4c68,God The Most Unpleasant Character In All Fiction,30.03,5.0,14,Religion
de4b403cb629a29f,Glory Over Everything Beyond The Kitchen House,45.84,3.0,14,Historical Fiction
9194ae88379dbf1a,Feathers Displays Of Brilliant Plumage,49.05,3.0,14,Art
ac4dde0d1be05de0,Far  Away Places On The Brink Of Change Seven Continents Twenty-Five Years,15.06,4.0,14,Nonfiction
a2bd4ca82d908442,Every Last Word,46.47,3.0,14,Default
9eaf58b03a2779cc,Eligible The Austen Project 4,27.09,3.0,14,Fiction
27c5968fe43cc06e,El Deafo,57.62,5.0,14,Sequential Art
1d6dd0c87d90fe92,Eight Hundred Grapes,14.39,4.0,14,Fiction
a01f6d368ef64dc5,Eaternity More Than 150 Deliciously Easy Vegan Recipes For A Long Healthy Satisfied Joyful Life,51.75,5.0,14,Nonfiction
047dfa57ba0bf638,Eat Fat Get Thin,54.07,2.0,14,Health
ad2887ce04583910,DonT Get Caught,55.35,1.0,14,Young Adult
bf5de316a5e9a4ab,Doctor Sleep The Shining 2,40.12,2.0,14,Horror
3c6fe637a0180b01,Demigods  Magicians Percy And Annabeth Meet The Kanes Percy Jackson  Kane Chronicles Crossover 1-3,37.51,5.0,14,Fantasy
94a958ea126cdcd5,Dear Mr Knightley,11.21,5.0,14,Fiction
0e94a089328be4bc,Daily Fantasy Sports,36.58,1.0,14,Default
4b9d9cfe0f435788,Crazy Love Overwhelmed By A Relentless God,47.72,2.0,14,Christian
28cf0d1c51b491e5,Cometh The Hour The Clifton Chronicles 6,25.01,3.0,14,Fiction
33a3e0e3ffde0dcd,Code Name Verity Code Name Verity 1,22.13,4.0,14,Add A Comment
42b0c50fc44140ec,Clockwork Angel The Infernal Devices 1,44.14,1.0,14,Default
966ebb738e0f9d9b,City Of Glass The Mortal Instruments 3,56.02,4.0,14,Fantasy
1e264c677d4ee4ae,City Of Fallen Angels The Mortal Instruments 4,11.23,4.0,14,Default
5b987e54ee72525c,City Of Bones The Mortal Instruments 1,43.28,1.0,14,Default
8a6ec2761f91dad2,City Of Ashes The Mortal Instruments 2,47.27,1.0,14,Default
bfbb54bc8cdeed2b,Cell,20.29,4.0,14,Add A Comment
e2e7b683b4c15b7d,Catching Jordan Hundred Oaks,50.83,3.0,14,Young Adult
1b0fc9f777cad045,Carry On Warrior Thoughts On Life Unarmed,31.85,3.0,14,Default
5f22418922fa728b,Carrie,46.23,2.0,14,Default
16ef91b9d827859c,Buying In The Secret Dialogue Between What We Buy And Who We Are,37.8,4.0,14,Nonfiction
a80f66b254fe9eb3,Brain On Fire My Month Of Madness,49.32,5.0,14,Nonfiction
bf68dcb5fad3cc8c,Batman Europa,32.01,2.0,14,Sequential Art
999912e63a3262ae,Barefoot Contessa Back To Basics,28.01,1.0,14,Food And Drink
0e0da9192a025efc,Barefoot Contessa At Home Everyday Recipes YouLl Make Over And Over Again,50.62,5.0,14,Food And Drink
9b65f676984c9f0c,Balloon Animals,17.03,3.0,14,Fiction
ffdc825785c0ede8,Art Ops Vol 1,48.8,3.0,14,Sequential Art
41164b8ac02a2c42,Aristotle And Dante Discover The Secrets Of The Universe Aristotle And Dante Discover The Secrets Of The Universe 1,58.14,4.0,14,Young Adult
1fbb5f786e53a0ce,Angels Walking Angels Walking 1,34.2,2.0,14,Add A Comment
ad41c24ccac0c7ce,Angels  Demons Robert Langdon 1,51.48,3.0,14,Default
39861fc1c0845d15,All The Light We Cannot See,29.87,5.0,14,Historical
5319169a72714c62,Adulthood Is A Myth A SarahS Scribbles Collection,10.9,2.0,14,Sequential Art
cf1aa2fc02a7d1e0,Abstract City,56.37,5.0,14,Nonfiction
4416c474713ec1f5,A Time Of Torment Charlie Parker 14,48.35,5.0,14,Mystery
63ee5bc46066a8a8,A Study In Scarlet Sherlock Holmes 1,16.73,2.0,14,Mystery
c1379d3744f1dd2c,A Series Of Catastrophes And Miracles A True Story Of Love Science And Cancer,56.48,2.0,14,Add A Comment
1ad06aed9349af46,A PeopleS History Of The United States,40.79,2.0,14,Add A Comment
8682c03de6a844ff,A Man Called Ove,39.72,1.0,14,Fiction
d5e0526e1ab682a3,A Distant Mirror The Calamitous 14Th Century,14.58,3.0,14,History
01a177623cce9596,A Brush Of Wings Angels Walking 3,55.51,1.0,14,Add A Comment
6e8e5626ac4d279e,1491 New Revelations Of The Americas Before Columbus,21.8,3.0,14,History
ac5e0d3938caf686,The Three Searches Meaning And The Story,13.33,3.0,13,Default
2f0213137a80d485,Searching For Meaning In Gailana,38.73,1.0,13,Fantasy
44d97b6707dae3f0,Rook,37.86,4.0,13,Add A Comment
8bbd7df8a324f31d,My Kitchen Year 136 Recipes That Saved My Life,11.53,2.0,13,Food And Drink
4be9d1910f8a4e80,13 Hours The Inside Account Of What Really Happened In Benghazi,27.06,1.0,13,Nonfiction
077b635ff2afc578,Will You WonT You Want Me,13.86,3.0,12,Womens Fiction
148715df5a02ea5e,Tipping Point For Planet Earth How Close Are We To The Edge,37.55,1.0,12,Science
4a7a25be293ad678,The Star-Touched Queen,32.3,5.0,12,Fantasy
ce1ae197ada2aec4,The Silent Sister Riley Macpherson 1,46.29,5.0,12,Fiction
14e44163678e24dc,The Midnight Watch A Novel Of The Titanic And The Californian,26.2,1.0,12,Add A Comment
582a21a1dbbef3cf,The Lonely City Adventures In The Art Of Being Alone,33.26,2.0,12,Nonfiction
3063c7e95d0bf76f,The Gray Rhino How To Recognize And Act On The Obvious Dangers We Ignore,59.15,4.0,12,Add A Comment
235fa48eeed11d82,The Golden Condom And Other Essays On Love Lost And Found,39.43,1.0,12,Psychology
f732d7d18a91d2ba,The Epidemic The Program 06,14.44,5.0,12,Young Adult
c6ca293d4810e0d5,The Dinner Party,56.54,2.0,12,Fiction
54fc03f1e1d355db,The Diary Of A Young Girl,59.9,3.0,12,Nonfiction
64fd010bf8d15096,The Children,11.88,3.0,12,Add A Comment
b63ea3f7a57ae099,Stars Above The Lunar Chronicles 45,48.05,2.0,12,Young Adult
f40fea200e0c644f,Snatched How A Drug Queen Went Undercover For The Dea And Was Kidnapped By Colombian Guerillas,21.21,3.0,12,Nonfiction
ebf81a62e4798fd1,Raspberry Pi Electronics Projects For The Evil Genius,49.67,4.0,12,Default
8976d9161c027142,Quench Your Own Thirst Business Lessons Learned Over A Beer Or Two,43.14,1.0,12,Business
b8d7b3f5c7a95d65,Psycho Sanitarium Psycho 15,36.97,5.0,12,Horror
abdd91e96515a617,Poisonous Max Revere Novels 3,26.8,3.0,12,Mystery
81ef44fcc5f454df,One With You Crossfire 5,15.71,4.0,12,Add A Comment
db84624b151cbe06,No Love Allowed Dodge Cove 1,54.65,4.0,12,Young Adult
e7fe3bf2768602cf,Murder At The 42Nd Street Library Raymond Ambler 1,54.36,4.0,12,Mystery
c039f5aceb093537,Most Wanted,35.28,3.0,12,Mystery
9546d537fbf99eb6,Love Lies And Spies,20.55,2.0,12,Historical Fiction
b978c9852cde91bd,How To Speak Golf An Illustrated Guide To Links Lingo,58.32,5.0,12,Default
bddc6fd036eb6279,Hide Away Eve Duncan 20,11.84,1.0,12,Mystery
c6a29d6df8de968c,Furiously Happy A Funny Book About Horrible Things,41.46,4.0,12,Nonfiction
76319fe9d8b465a3,Everyday Italian 125 Simple And Delicious Recipes,20.1,5.0,12,Food And Drink
3968e3fbf4695d7c,Equal Is Unfair AmericaS Misguided Fight Against Income Inequality,56.86,1.0,12,Politics
6983328f15506cb9,Eleanor  Park,56.51,5.0,12,Default
df7e628bad5782b4,Dirty Dive Bar 1,40.83,4.0,12,Romance
d069086944f2e330,Can You Keep A Secret Fear Street Relaunch 4,48.64,1.0,12,Horror
49b24c6a41b82bd2,Boar Island Anna Pigeon 19,59.48,3.0,12,Mystery
63343e287971bb0c,A Paris Apartment,39.01,4.0,12,Historical Fiction
a4eef523118805ef,A La Mode 120 Recipes In 60 Pairings Pies Tarts Cakes Crisps And More Topped With Ice Cream Gelato Frozen Custard And More,38.77,1.0,12,Food And Drink
515cb8fcafb1ad98,Troublemaker Surviving Hollywood And Scientology,48.39,2.0,11,Default
6159d8b187831770,The Widow,27.26,2.0,11,Mystery
985991708c47003e,The Sleep Revolution Transforming Your Life One Night At A Time,11.68,4.0,11,Nonfiction
437d8dea9272d0a9,The Improbability Of Love,59.45,1.0,11,Fiction
1c584f82a7a1c4f0,The Art Of Startup Fundraising,21.0,3.0,11,Business
cf62fa272b5f0fa3,Take Me Home Tonight Rock Star Romance 3,53.98,3.0,11,Romance
f435aa99d864077d,Sleeping Giants Themis Files 1,48.74,1.0,11,Science Fiction
b06599b108e83f98,Setting The World On Fire The Brief Astonishing Life Of St Catherine Of Siena,21.15,2.0,11,Biography
05a61a3bd8ca4149,Playing With Fire,13.71,3.0,11,Mystery
b783ce08802cd1d1,Off The Hook Fishing For Trouble 1,47.67,3.0,11,Romance
47e1b2d43f709995,Mothering Sunday,13.34,2.0,11,Fiction
28b2df9fadc9f07e,Mother Can You Not,16.89,5.0,11,Nonfiction
5569c3fea112718e,M Train,27.18,1.0,11,Autobiography
bade9943ee01b63f,Lilac Girls,17.28,2.0,11,Historical Fiction
469508882dfc1991,Lies And Other Acts Of Love,45.14,1.0,11,Fiction
825d6c44da3ca5a6,Lab Girl,40.85,1.0,11,Autobiography
20dc4f1ac5d4fd9c,Keep Me Posted,20.46,4.0,11,Womens Fiction
ce8666d9b42fc9a0,It DidnT Start With You How Inherited Family Trauma Shapes Who We Are And How To End The Cycle,56.27,3.0,11,Psychology
b5953ca1f8a0b8d7,Grey Fifty Shades 4,48.49,4.0,11,Womens Fiction
c65c25d990fc7025,Exit Pursued By A Bear,51.34,4.0,11,Young Adult
f608c903c451f387,Daredevils,16.34,3.0,11,Fiction
2587c54f5530dafc,Cravings Recipes For What You Want To Eat,20.5,3.0,11,Food And Drink
816180220e8cb419,Born For This How To Find The Work You Were Meant To Do,21.59,5.0,11,Business
2c34f9432069b52b,Arena,21.36,4.0,11,Science Fiction
bb967277222e689c,Adultery,20.88,5.0,11,Default
2b69dec0193511d9,A MotherS Reckoning Living In The Aftermath Of Tragedy,19.53,3.0,11,Nonfiction
40c4bf520c17de54,A GentlemanS Position Society Of Gentlemen 3,14.75,5.0,11,Romance
a9d7b75461084a26,112263,48.48,3.0,11,Fiction
34669b2e9d407d3a,10 Happier How I Tamed The Voice In My Head Reduced Stress Without Losing My Edge And Found Self-Help That Actually Works,24.57,2.0,10,Nonfiction
96aa539bfd4c07e2,10-Day Green Smoothie Cleanse Lose Up To 15 Pounds In 10 Days,49.71,5.0,10,Health
ab60e6f5a63e1cfb,Without Shame,48.27,5.0,9,Add A Comment
d1848064c54e01c7,Watchmen,58.05,4.0,9,Add A Comment
4fd0a2a350f016e6,Unlimited Intuition Now,58.87,4.0,9,Default
0967effecd292a86,Underlying Notes,11.82,2.0,9,Default
903a9f8090104c2c,The Shack,28.03,1.0,9,Fiction
4b50fb1359ebf35d,The New Brand You Your New Image Makes The Sale For You,44.05,5.0,9,Default
65cfc9f242c2984a,The Moosewood Cookbook Recipes From Moosewood Restaurant Ithaca New York,12.34,4.0,9,Food And Drink
33396269bcce166f,The Flowers Lied,16.68,2.0,9,Default
ca74f2e3c35a3e77,The Fabric Of The Cosmos Space Time And The Texture Of Reality,55.91,1.0,9,Science
3f25a2fedae191cc,The Book Of Mormon,24.57,3.0,9,Religion
f9c87ccb2bc4853b,The Art And Science Of Low Carbohydrate Living,52.98,5.0,9,Health
e77594ece9b9d1fe,The Alien Club,54.4,1.0,9,Young Adult
0e095ed785af7e43,Suzie Snowflake One Beautiful Flake A Self-Esteem Story,54.81,5.0,9,Novels
913e7109cec0cb4c,Nap-A-Roo,25.08,1.0,9,Childrens
ee6c67859d70186b,Nano What Now Finding Your Editing Process Revising Your Nanowrimo Book And Building A Writing Career Through Publishing And Beyond,10.41,4.0,9,Default
6baac632f7711e26,Modern Day Fables,47.44,2.0,9,Default
8fab4c4f6f82a4ce,If I Gave You GodS Phone Number Searching For Spirituality In America,20.91,1.0,9,Spirituality
97187f5cf0385da3,Fruits Basket Vol 9 Fruits Basket 9,33.95,4.0,9,Sequential Art
7e9068872228c474,Dress Your Family In Corduroy And Denim,43.68,3.0,9,Humor
e845d305f64154f1,DonT Forget Steven,33.23,1.0,9,Young Adult
7186241e043de5dc,Chernobyl 012340 The Incredible True Story Of The WorldS Worst Nuclear Disaster,35.92,2.0,9,Nonfiction
d6d9ffea95f2f8bf,Art And Fear Observations On The Perils And Rewards Of Artmaking,48.63,4.0,9,Art
63d5f1651880dcea,A Shard Of Ice The Black Symphony Saga 1,56.63,3.0,9,Fantasy
c181ca8eabe7d18c,A HeroS Curse The Unseen Chronicles 1,50.49,3.0,9,Add A Comment
61cf7eb9d2cd8bb0,23 Degrees South A Tropical Tale Of Changing Whether,35.79,2.0,9,Add A Comment
e77033ce559947f7,Zero To One Notes On Startups Or How To Build The Future,34.06,3.0,8,Nonfiction
04f6c929888f4f11,Why Not Me,17.76,1.0,8,Nonfiction
b69c852e7e3956af,When Breath Becomes Air,39.36,2.0,8,Nonfiction
1809259a5a5f1d8d,Vagabonding An Uncommon Guide To The Art Of Long-Term World Travel,36.94,2.0,8,Travel
e0bdd79c7304ee8d,The Unlikely Pilgrimage Of Harold Fry Harold Fry 1,43.62,5.0,8,Default
3eec766dda26fa64,The New Drawing On The Right Side Of The Brain,43.02,3.0,8,Art
5a0d2e9284004266,The Midnight Assassin Panic Scandal And The Hunt For AmericaS First Serial Killer,28.45,4.0,8,Nonfiction
9afd00e81d6208e6,The Martian The Martian 1,41.39,2.0,8,Default
4f283dfcbeccc0d4,The High Mountains Of Portugal,51.15,1.0,8,Fiction
1bba4b1ba23ed2d6,The Grownup,35.88,1.0,8,Short Stories
a2308a936e898d48,The E-Myth Revisited Why Most Small Businesses DonT Work And What To Do About It,36.91,1.0,8,Business
331c26103d885cae,South Of Sunshine,28.93,1.0,8,Young Adult
a2475a245c9907c4,Smarter Faster Better The Secrets Of Being Productive In Life And Business,38.89,5.0,8,Nonfiction
e46a164cf310fd7d,Silence In The Dark Logan Point 4,58.33,3.0,8,Suspense
bee6e93e9976f4fa,Shadows Of The Past Logan Point 1,39.67,5.0,8,Christian Fiction
aeb51dfbe8aeec59,Roller Girl,14.1,5.0,8,Sequential Art
52fc458ffc756faf,Rising Strong,21.82,3.0,8,Nonfiction
d56d0710668bb39c,Proofs Of God Classical Arguments From Tertullian To Barth,54.21,1.0,8,Philosophy
4a823d80aa30dbb0,Please Kill Me The Uncensored Oral History Of Punk,31.19,4.0,8,Music
c0fc0cd215ee1724,Out Of Print City Lights Spotlight No 14,53.64,5.0,8,Poetry
9a7291b89bd5445c,My Life Next Door My Life Next Door ,36.39,5.0,8,Young Adult
bff270fe9c86a5a9,MillerS Valley,58.54,2.0,8,Fiction
4729afff3bea0f0a,ManS Search For Meaning,29.48,3.0,8,Nonfiction
4d3a4c7b442a9a4e,Love That Boy What Two Presidents Eight Road Trips And My Son Taught Me About A ParentS Expectations,25.06,2.0,8,Nonfiction
044534b0b28b4e87,Living Forward A Proven Plan To Stop Drifting And Get The Life You Want,12.55,3.0,8,Nonfiction
c44c5e1425475206,Les Fleurs Du Mal,29.04,5.0,8,Poetry
29af1a2566c4e36e,Left Behind Left Behind 1,40.72,2.0,8,Default
39eefec3a8498dde,Kill Em And Leave Searching For James Brown And The American Soul,45.05,5.0,8,Music
0cf57cb49272fd37,Kierkegaard A Christian Missionary To Christians,47.13,1.0,8,Philosophy
bd26e8a79a856c31,John Vassos Industrial Design For Modern Life,20.22,4.0,8,Default
0ab4b35dcffcffd1,ILl Give You The Sun,56.48,1.0,8,Default
bbf1ea50be8008ab,I Will Find You,44.21,1.0,8,Nonfiction
0bfdef63285d3019,Hystopia A Novel,21.96,4.0,8,Fiction
b7870fa6dc088fbb,Howl And Other Poems,40.45,2.0,8,Poetry
8a150fd8ff5d7686,History Of Beauty,10.29,4.0,8,Art
d48c1369927ebef1,Heaven Is For Real A Little BoyS Astounding Story Of His Trip To Heaven And Back,52.86,2.0,8,Default
df6a7c43faa6732b,Future Shock Future Shock 1,55.65,5.0,8,Young Adult
e049d44c4f1cf1b2,EnderS Game The Ender Quintet 1,43.64,1.0,8,Default
0c11e2d068768dbb,Diary Of A Citizen Scientist Chasing Tiger Beetles And Other New Ways Of Engaging The World,28.41,1.0,8,Science
4dbd54d9e36c9566,Death By Leisure A Cautionary Tale,37.51,4.0,8,Default
7f5157bf53065d36,Brilliant Beacons A History Of The American Lighthouse,11.45,3.0,8,History
77e9ea355bd8ae57,Brazen The Courage To Find The You ThatS Been Hiding,19.22,2.0,8,Nonfiction
04e3de7ac35ec5cd,Between The World And Me,56.91,4.0,8,Nonfiction
15ebd83e53d0391b,Being Mortal Medicine And What Matters In The End,55.06,4.0,8,Nonfiction
fef91502cbacf23a,A Murder Over A Girl Justice Gender Junior High,13.2,3.0,8,Nonfiction
b1a227b7609ff263,32 Yolks,53.63,2.0,8,Food And Drink
f16c2edb2a603f92,Most Blessed Of The Patriarchs Thomas Jefferson And The Empire Of The Imagination,44.48,5.0,8,History
88ec621893e595d0,You Are A Badass How To Stop Doubting Your Greatness And Start Living An Awesome Life,12.08,3.0,7,Self Help
b46d022080543144,Wildlife Of New York A Five-Borough Coloring Book,22.14,2.0,7,Default
9735c969c652dd89,What Happened On Beale Street Secrets Of The South Mysteries 2,25.37,5.0,7,Mystery
48cb52d78c992487,Unreasonable Hope Finding Faith In The God Who Brings Purpose To Your Pain,46.33,2.0,7,Spirituality
a94350ee74deaa07,Under The Tuscan Sun,37.33,3.0,7,Travel
4242cc3d0437db12,Toddlers Are AHoles ItS Not Your Fault,25.55,1.0,7,Humor
4a0b78598b42897a,The Year Of Living Biblically One ManS Humble Quest To Follow The Bible As Literally As Possible,34.72,1.0,7,Default
0ff9d10864db8364,The Whale,35.96,4.0,7,Childrens
9147c5251cc99eb1,The Story Of Art,41.14,4.0,7,Art
0345872b14f9e774,The Origin Of Species,10.01,4.0,7,Science
a8dbf1c6b41b885a,The Great Gatsby,36.05,4.0,7,Default
f935412970c9f58f,The Good Girl,49.03,3.0,7,Default
47f4fd3e8e1dac05,The Glass Castle,16.24,1.0,7,Add A Comment
57f85720e54d6442,The Faith Of Christopher Hitchens The Restless Soul Of The WorldS Most Notorious Atheist,39.55,1.0,7,Biography
7a10353c9c54cf7c,The Drowning Girls,35.67,3.0,7,Add A Comment
24933c712f0bca2f,The Constant Princess The Tudor Court 1,16.62,3.0,7,Historical Fiction
d250657f0ebc5d73,The Bourne Identity Jason Bourne 1,42.78,4.0,7,Fiction
20789fb17b423c4c,The Bachelor GirlS Guide To Murder Herringford And Watts Mysteries 1,52.3,5.0,7,Mystery
4b8fa561a1e52d1c,The Art Book,32.34,2.0,7,Art
5fbd03b1ac0a0e69,The 7 Habits Of Highly Effective People Powerful Lessons In Personal Change,33.17,4.0,7,Default
ba047a636b7d3793,Team Of Rivals The Political Genius Of Abraham Lincoln,20.12,5.0,7,Add A Comment
8776181be110838a,Steal Like An Artist 10 Things Nobody Told You About Being Creative,20.9,2.0,7,Default
bd087cf6a846db75,Sit Stay Love,20.9,3.0,7,Romance
7ffebdd1d5148aef,Sister Dear,40.2,4.0,7,Fiction
9639e89d20228e6e,Shrunken Treasures Literary Classics Short Sweet And Silly,52.87,3.0,7,Childrens
8486f61aa81a3daa,Rich Dad Poor Dad,51.74,1.0,7,Business
31c56c4d0fe19340,Raymie Nightingale,34.41,2.0,7,Childrens
68008abf6409dfde,Playing From The Heart,32.38,1.0,7,Childrens
746029796363aa51,Nightstruck A Novel,50.35,4.0,7,Young Adult
924438fc6cbec836,Naturally Lean 125 Nourishing Gluten-Free Plant-Based Recipes--All Under 300 Calories,11.38,5.0,7,Food And Drink
725cd8d23d78cdca,Meternity,43.58,3.0,7,Womens Fiction
dac4b5847454fd9b,Memoirs Of A Geisha,49.67,3.0,7,Fiction
b6670507e85b30e6,Like Never Before Walker Family 2,28.77,2.0,7,Christian Fiction
40cdcbb7692fd408,Life Of Pi,13.22,4.0,7,Default
b74ee891e2a6dd69,Leave This Song Behind Teen Poetry At Its Best,51.17,5.0,7,Poetry
4c82371b8cd02d4d,KingS Folly The Kinsman Chronicles 1,39.61,5.0,7,Fantasy
68407606544d6f22,John Adams,57.43,4.0,7,Add A Comment
2a9fcb3382d351c8,How To Cook Everything Vegetarian Simple Meatless Recipes For Great Food How To Cook Everything,46.01,4.0,7,Food And Drink
eff5710404e2ff78,How To Be A Domestic Goddess Baking And The Art Of Comfort Cooking,28.25,2.0,7,Food And Drink
c00bc29a678a6efb,Good In Bed Cannie Shapiro 1,37.05,5.0,7,Add A Comment
de6d7645f192d517,Fruits Basket Vol 7 Fruits Basket 7,19.57,1.0,7,Sequential Art
2e40333991f56f45,For The Love Fighting For Grace In A World Of Impossible Standards,45.13,3.0,7,Nonfiction
4e78f06160b717ac,Finding God In The Ruins How God Redeems Pain,46.64,2.0,7,Nonfiction
4fa75fc6829431ca,Every Heart A Doorway Every Heart A Doorway 1,12.16,5.0,7,Fantasy
4e980425468708da,Delivering The Truth Quaker Midwife Mystery 1,20.89,4.0,7,Mystery
4807043b8218e9ce,Counted With The Stars Out From Egypt 1,17.97,5.0,7,Christian Fiction
4781b6bfd6f7a2c5,Chronicles Vol 1,52.6,2.0,7,Music
a322361a37a78d3d,Blue Like Jazz Nonreligious Thoughts On Christian Spirituality,25.77,1.0,7,Christian
5b546a46a86a9d8c,Benjamin Franklin An American Life,48.19,3.0,7,Biography
6b52904b2ab91bf6,At The Existentialist Caf Freedom Being And Apricot Cocktails With Jean-Paul Sartre Simone De Beauvoir Albert Camus Martin Heidegger Edmund Husserl Karl Jaspers Maurice Merleau-Ponty And Others,29.93,5.0,7,Philosophy
cc1936a9f4e93477,A Summer In Europe,44.34,2.0,7,Travel
6c7fa6844380f50a,A Short History Of Nearly Everything,52.4,5.0,7,History
d1378a0ad06ff979,A Gathering Of Shadows Shades Of Magic 2,44.81,4.0,7,Fantasy
5ba3d703d1ae0c1d,The Sound Of Love,57.84,5.0,6,Default
774fa432bd7d9c47,The Rise And Fall Of The Third Reich A History Of Nazi Germany,39.67,2.0,6,History
fd364afd082f5446,The Perks Of Being A Wallflower,55.02,3.0,6,Default
2da5edf8b5776c9a,The Mysterious Affair At Styles Hercule Poirot 1,24.8,4.0,6,Mystery
60376aa71be66083,The Man Who Mistook His Wife For A Hat And Other Clinical Tales,59.45,4.0,6,Nonfiction
2efa5a839e62b1bd,The Makings Of A Fatherless Child,31.58,2.0,6,Default
d326e189b1210916,The Joy Of Cooking,43.27,4.0,6,Add A Comment
e6635f5b0a2c78db,The Invention Of Wings,37.34,1.0,6,Historical Fiction
72b5355dda190b6a,The Hobbit Middle-Earth Universe,17.8,5.0,6,Default
48736df57e7bec9f,The Great Railway Bazaar,30.54,1.0,6,Travel
d33824cb93ecab6f,The Golden Compass His Dark Materials 1,18.77,1.0,6,Add A Comment
2bc80eba94950873,The God Delusion,46.85,3.0,6,Add A Comment
eb7459e0c570251d,The Girl You Left Behind The Girl You Left Behind 1,15.79,1.0,6,Historical
cb17945cb90b7837,The Fellowship Of The Ring The Lord Of The Rings 1,10.27,2.0,6,Default
3d250ab0f12be445,The Collected Poems Of WB Yeats The Collected Works Of WB Yeats 1,15.42,5.0,6,Poetry
6478ccb4416e6a5d,The Barefoot Contessa Cookbook,59.92,5.0,6,Food And Drink
2a1b3d967cda1da2,Tell The Wolves IM Home,50.96,2.0,6,Young Adult
8d8e9f9b8730eb25,Ship Leaves Harbor Essays On Travel By A Recovering Journeyman,30.6,3.0,6,Default
720c36b2bee4692e,Pride And Prejudice,19.27,4.0,6,Add A Comment
6d235933670503d9,Musicophilia Tales Of Music And The Brain,46.58,1.0,6,Default
f38f37ed934d84b2,Mere Christianity,48.51,3.0,6,Add A Comment
7a2b51f69e81c722,Me Before You Me Before You 1,19.02,1.0,6,Fiction
6958de044cb28a84,In The Woods Dublin Murder Squad 1,38.38,2.0,6,Mystery
fe0f34ebed689381,In Cold Blood,49.98,4.0,6,Nonfiction
e792c0969cefe1b8,How To Stop Worrying And Start Living,46.49,5.0,6,Self Help
012170e4fc87ace0,Give It Back,18.32,2.0,6,Thriller
384c7d41d5ffe9d1,Girl Interrupted,42.14,3.0,6,Nonfiction
56a34d0cec11d6b0,Fun Home A Family Tragicomic,56.59,4.0,6,Add A Comment
97258f576d4bb672,Fruits Basket Vol 6 Fruits Basket 6,20.96,4.0,6,Sequential Art
4e3b183180e2a992,Deception Point,40.32,4.0,6,Fiction
6e06d0f00f6da20f,Death Note Vol 6 Give-And-Take Death Note 6,36.39,3.0,6,Sequential Art
f3c70d296ec796c4,Catherine The Great Portrait Of A Woman,58.55,4.0,6,History
faf841f81c52638b,Better Homes And Gardens New Cook Book,39.61,3.0,6,Food And Drink
46cb43c2ab133ccc,An Unquiet Mind A Memoir Of Moods And Madness,21.3,3.0,6,Psychology
9e60929f521fa280,A Year In Provence Provence 1,56.88,4.0,6,Travel
2e5b4ff08a75fd02,World Without End The Pillars Of The Earth 2,32.97,4.0,5,Historical Fiction
e75f3ae1da1cc652,Will Grayson Will Grayson Will Grayson Will Grayson,47.31,4.0,5,Young Adult
759ee7d059b1beb8,Why Save The Bankers And Other Essays On Our Economic And Political Crisis,48.67,2.0,5,Nonfiction
60369d96b7b80869,Where She Went If I Stay 2,41.73,4.0,5,Young Adult
163d89116179c33f,What If Serious Scientific Answers To Absurd Hypothetical Questions,53.68,4.0,5,Default
3a7d54a264d9f33e,Two Summers,14.64,1.0,5,Young Adult
bc209a900101f28d,This Is Your Brain On Music The Science Of A Human Obsession,38.4,1.0,5,Music
abbb492978ff656d,The Secret Garden,15.08,4.0,5,Classics
2e4fc5eacceec12c,The Raven King The Raven Cycle 4,30.57,2.0,5,Add A Comment
e0b3a679b83caccc,The Raven Boys The Raven Cycle 1,57.74,4.0,5,Fantasy
f701fae56b645ef7,The Power Greens Cookbook 140 Delicious Superfood Recipes,11.05,5.0,5,Food And Drink
93379e3a2072a01b,The Metamorphosis,28.58,1.0,5,Classics
0d210d2448c3018f,The Mathews Men Seven Brothers And The War Against HitlerS U-Boats,42.91,5.0,5,History
dfd9ff1f343cdaff,The Little Paris Bookshop,24.73,3.0,5,Fiction
c4589ee5977a47be,The Hiding Place,55.91,4.0,5,History
3213b1f13f5f0f7c,The Grand Design,13.76,3.0,5,Science
ad84f18659e6bfe2,The Firm,45.56,3.0,5,Fiction
3661360c99719414,The Fault In Our Stars,47.22,1.0,5,Default
a2a9f76339d21ab1,The False Prince The Ascendance Trilogy 1,56.0,5.0,5,Fantasy
fe7210553d56c097,The Expatriates,44.58,2.0,5,Fiction
fec06f52054ea900,The Dream Thieves The Raven Cycle 2,34.5,1.0,5,Default
c4182bdb53e2459a,The Darkest Corners,11.33,5.0,5,Young Adult
b228042c088b1913,The Crossover,38.77,4.0,5,Poetry
b716233fcb6877e6,The 5Th Wave The 5Th Wave 1,11.83,2.0,5,Default
84126312e2431a09,Tell The Wind And Fire,45.51,3.0,5,Fantasy
50d5a7b861ed1c54,Tell Me Three Things,41.81,1.0,5,Young Adult
1dba84766a5e87b8,Talking To Girls About Duran Duran One Young ManS Quest For True Love And A Cooler Haircut,25.15,4.0,5,Nonfiction
84bb29c53592ac40,Siddhartha,34.22,5.0,5,Fiction
59a8ae019b64f2a7,Shiver The Wolves Of Mercy Falls 1,16.23,5.0,5,Default
2973d38c2fbd7a5c,Remember Me,11.48,3.0,5,Default
e958ae92f328c181,Red Dragon Hannibal Lecter 1,23.37,3.0,5,Horror
6036239d2ab349b7,Peak Secrets From The New Science Of Expertise,16.28,2.0,5,Science
a4ce39a3720cd679,My Mother Was Nuts,31.63,4.0,5,Nonfiction
12a90b90283b2e6d,Mexican Today New And Rediscovered Recipes For Contemporary Kitchens,24.91,5.0,5,Food And Drink
81c68492ccd72941,Maybe Something Beautiful How Art Transformed A Neighborhood,22.54,1.0,5,Childrens
5e1a88d248599768,Lola And The Boy Next Door Anna And The French Kiss 2,23.63,4.0,5,Young Adult
7093cf549cd2e7de,Logan Kade Fallen Crest High 55,13.12,2.0,5,Academic
07e6810fd3236bda,Last One Home New Beginnings 1,59.98,3.0,5,Fiction
8dde2ff3f6fcc0a3,Killing Floor Jack Reacher 1,31.49,4.0,5,Thriller
44f545727e704187,Kill The Boy Band,15.52,5.0,5,Young Adult
45045146dbf7b009,Isla And The Happily Ever After Anna And The French Kiss 3,48.13,5.0,5,Young Adult
7284d85428305f5a,If I Stay If I Stay 1,38.13,5.0,5,Default
d219d4e325e6f204,I Know Why The Caged Bird Sings Maya AngelouS Autobiography 1,36.55,2.0,5,Default
6c49258724f11770,Harry Potter And The Deathly Hallows Harry Potter 7,23.32,1.0,5,Default
3fd83dcf37bf1bc0,Fruits Basket Vol 5 Fruits Basket 5,16.33,1.0,5,Sequential Art
3fc124f59f3068e4,Foundation Foundation Publication Order 1,32.42,1.0,5,Science Fiction
630e766f0a1987dd,Fool Me Once,16.96,1.0,5,Default
b28c7d07afa7063b,Find Her Detective DD Warren 8,22.37,1.0,5,Add A Comment
75cc85cdbe9ad46b,Evicted Poverty And Profit In The American City,42.27,1.0,5,Add A Comment
d5ad4c92d8bf26c9,Drama,38.7,2.0,5,Default
e46b1074b99ac4b6,Dracula The Un-Dead,35.63,5.0,5,Horror
94bb629a3f6dd00b,Digital Fortress,58.0,5.0,5,Fiction
1c0a38899c82b60a,Death Note Vol 5 Whiteout Death Note 5,52.41,1.0,5,Sequential Art
bcf567421c581f0a,Data A Love Story How I Gamed Online Dating To Meet My Match,32.35,3.0,5,Nonfiction
429b4a811bef386c,Critique Of Pure Reason,20.75,1.0,5,Philosophy
b54d7416bb445989,Booked,17.49,5.0,5,Poetry
ad5e078beceaeb4a,Blue Lily Lily Blue The Raven Cycle 3,34.13,5.0,5,Default
612369a5947a012e,Approval Junkie Adventures In Caring Too Much,58.81,5.0,5,Autobiography
f36d24c309e87e5b,An Abundance Of Katherines,10.0,5.0,5,Young Adult
add33db6ff80db24,AmericaS War For The Greater Middle East A Military History,51.22,2.0,5,History
d9290e99f189ce84,Alight The Generations Trilogy 2,58.59,4.0,5,Default
cf3b86489890b9f2,A GirlS Guide To Moving On New Beginnings 2,31.3,1.0,5,Romance
03cbb67c0f990d87,A Game Of Thrones A Song Of Ice And Fire 1,46.42,2.0,5,Add A Comment
f2c8f4b4c94d5c5c,A Feast For Crows A Song Of Ice And Fire 4,17.21,4.0,5,Fantasy
89a89e76f3516357,A Clash Of Kings A Song Of Ice And Fire 2,10.79,3.0,5,Add A Comment
a8f4577a48023344,Vogue Colors A To Z A Fashion Coloring Book,52.35,4.0,4,Default
d4de23aa98acc65b,The Shining The Shining 1,27.88,3.0,4,Default
6053ddf69c967d5f,The PilgrimS Progress,50.26,2.0,4,Classics
9cc207168a03470d,The Perfect Play Play By Play 1,59.99,3.0,4,Romance
011674f4a3834b8d,The Passion Of Dolssa,28.32,5.0,4,Historical Fiction
6a57286a8890d8c5,The Jazz Of Physics The Secret Link Between Music And The Structure Of The Universe,38.71,3.0,4,Nonfiction
6d2f70d9424f41a1,The Hunger Games The Hunger Games 1,29.85,5.0,4,Default
6587f46697fc4443,The Hound Of The Baskervilles Sherlock Holmes 5,14.82,2.0,4,Classics
45033bdf3d9ed158,The Gunning Of America Business And The Making Of American Gun Culture,16.81,4.0,4,Nonfiction
c65ee14957c0fa5c,The Geography Of Bliss One GrumpS Search For The Happiest Places In The World,28.23,2.0,4,Nonfiction
ff2dffba388d9922,The Demonists Demonist 1,52.11,2.0,4,Fantasy
df53c2948b32bde3,The Demon Prince Of Momochi House Vol 4 The Demon Prince Of Momochi House 4,27.88,2.0,4,Sequential Art
9c4d061c1e2fe6bf,The Bone Hunters Lexy Vaughan  Steven Macaulay 2,59.71,3.0,4,Thriller
8930013d06942df1,The Beast Black Dagger Brotherhood 14,46.08,5.0,4,Fantasy
31f5bbf4974d29c9,Some Women,13.73,5.0,4,Womens Fiction
38199c5d7da0c0ef,Shopaholic Ties The Knot Shopaholic 3,48.39,5.0,4,Womens Fiction
ae884ac655d6ee3e,Paper And Fire The Great Library 2,49.45,5.0,4,Fantasy
5de4baa88061a77a,Outlander Outlander 1,19.67,5.0,4,Default
2ba5ccc84d35006c,Orchestra Of Exiles The Story Of Bronislaw Huberman The Israel Philharmonic And The One Thousand Jews He Saved From Nazi Horrors,12.36,3.0,4,Music
3a95f5a2df4ff921,No One Here Gets Out Alive,20.02,5.0,4,Music
869d20b3b8128230,Night Shift Night Shift 1-20,12.75,4.0,4,Horror
70b585c9d0f15725,Needful Things,47.51,4.0,4,Horror
5212c6acea3359e5,Mockingjay The Hunger Games 3,20.44,4.0,4,Default
81d4191030b9704b,Misery,34.79,2.0,4,Horror
deda806b68b0aa11,Little Women Little Women 1,28.07,4.0,4,Classics
670a2773607d785d,It,25.01,3.0,4,Horror
ac337893a9fe0085,Harry Potter And The SorcererS Stone Harry Potter 1,13.9,3.0,4,Default
eff24325e0ede639,Harry Potter And The Prisoner Of Azkaban Harry Potter 3,24.17,4.0,4,Young Adult
5a6b7155f2797537,Harry Potter And The Order Of The Phoenix Harry Potter 5,31.63,4.0,4,Fantasy
73f4f87dd936ee5c,Harry Potter And The Half-Blood Prince Harry Potter 6,48.75,5.0,4,Fantasy
c7c4f55b7321cba7,Harry Potter And The Chamber Of Secrets Harry Potter 2,14.74,1.0,4,Fantasy
23310ce84d3c9f85,Gone With The Wind,32.49,3.0,4,Classics
ddbc5530d2939d49,God Is Not Great How Religion Poisons Everything,27.8,1.0,4,Nonfiction
5eff05e59f905a49,Girl With A Pearl Earring,26.77,1.0,4,Historical Fiction
8fff1084aa085a13,Fruits Basket Vol 4 Fruits Basket 4,50.44,4.0,4,Sequential Art
ad15a9a139919918,Far From True Promise Falls Trilogy 2,34.93,2.0,4,Thriller
2b69d289279aabfd,Dark Lover Black Dagger Brotherhood 1,12.87,1.0,4,Romance
a2dc754afb69bb32,Confessions Of A Shopaholic Shopaholic 1,48.94,2.0,4,Default
aaebac5fda798b1b,Changing The Game Play By Play 2,13.38,3.0,4,Romance
2798974abc8a58a8,Candide,58.63,3.0,4,Classics
0812f54c93d726ce,Can You Keep A Secret,21.94,1.0,4,Womens Fiction
78a4ac98191ac675,Atlas Shrugged,26.58,5.0,4,Fiction
1451b55e5e56bb89,Animal Farm,57.22,3.0,4,Classics
aead11697d14ea36,A Walk To Remember,56.43,1.0,4,Romance
f6ae39568db1130e,A New Earth Awakening To Your LifeS Purpose,55.65,5.0,4,Spirituality
d12ca4020c2f602e,A History Of God The 4000-Year Quest Of Judaism Christianity And Islam,27.62,1.0,4,Religion
6e9403f00acd6752,SalemS Lot,49.56,4.0,4,Horror
634b7165c96ebb9f,Zero History Blue Ant 3,34.77,1.0,3,Default
5a7ff9aaa3168878,Wuthering Heights,17.73,3.0,3,Classics
5d55202da0252627,World War Z An Oral History Of The Zombie War,21.8,1.0,3,Default
d30b9215c72cca87,Wild From Lost To Found On The Pacific Crest Trail,46.02,3.0,3,Default
07bb35158d9dd3d2,WhereD You Go Bernadette,18.13,1.0,3,Default
dab0196cd5fc8e5e,When You Are Engulfed In Flames,30.89,5.0,3,Humor
06bab964fd536971,We The People The Modern-Day Figures Who Have Reshaped And Affirmed The Founding Fathers Vision Of America,31.95,3.0,3,Nonfiction
be3db344a845580b,We Are All Completely Beside Ourselves,24.04,1.0,3,Contemporary
0e4e2d31c2fb3aad,Walk The Edge Thunder Road 2,32.36,3.0,3,Young Adult
7feac4000cbc5859,Voyager Outlander 3,21.07,5.0,3,Historical Fiction
52aa3d79b1cee455,Very Good Lives The Fringe Benefits Of Failure And The Importance Of Imagination,50.66,3.0,3,Nonfiction
4672d10b9b1e7a05,Vegan Vegetarian Omnivore Dinner For Everyone At The Table,13.66,2.0,3,Food And Drink
b830685072fa871f,Unstuffed Decluttering Your Home Mind And Soul,58.09,1.0,3,Nonfiction
599a4f98bb193368,Under The Banner Of Heaven A Story Of Violent Faith,30.0,1.0,3,Nonfiction
61bc8167c9680283,Two Boys Kissing,32.74,2.0,3,Young Adult
b53078de0147f6bf,Twilight Twilight 1,41.93,2.0,3,Default
8ebad30219b8679c,Twenties Girl,42.8,2.0,3,Womens Fiction
2173a2ce35f6ace1,Trespassing Across America One ManS Epic Never-Done-Before And Sort Of Illegal Hike Across The Heartland,53.51,1.0,3,Nonfiction
57f755143ee96fd4,Three-Martini Lunch,23.21,3.0,3,Fiction
719d72f3ee512dc6,Thinking Fast And Slow,21.14,1.0,3,Psychology
75fed6a47f69859d,The Wild Robot,56.07,3.0,3,Childrens
a33ed2e6068df53e,The Wicked  The Divine Vol 3 Commercial Suicide The Wicked  The Divine,14.41,3.0,3,Sequential Art
813cff2aefa5d1f0,The Undomestic Goddess,45.75,4.0,3,Womens Fiction
2b685187f55c5d31,The Travelers,15.77,1.0,3,Thriller
224fa77d4b248046,The Tipping Point How Little Things Can Make A Big Difference,10.02,2.0,3,Add A Comment
3d15714d4d3d15dd,The Thing About Jellyfish,48.77,1.0,3,Childrens
49f24193f0b961e6,The Stand,57.86,2.0,3,Horror
742702d662a71410,The Smitten Kitchen Cookbook,23.59,1.0,3,Food And Drink
f06039c29b5891fa,The Silkworm Cormoran Strike 2,23.05,5.0,3,Mystery
91eb9605998a7c03,The Sandman Vol 3 Dream Country The Sandman Volumes 3,55.55,5.0,3,Sequential Art
322a9e34d87f54b1,The Rose  The Dagger The Wrath And The Dawn 2,58.64,4.0,3,Fantasy
366a236aa1ea6f07,The Road To Little Dribbling Adventures Of An American In Britain Notes From A Small Island 2,23.21,1.0,3,Travel
1a5044d233936b1a,The Rise Of Theodore Roosevelt Theodore Roosevelt 1,42.57,3.0,3,Biography
0e92ccf1bd39e68f,The Restaurant At The End Of The Universe HitchhikerS Guide To The Galaxy 2,10.92,1.0,3,Science Fiction
e2d47e82c50d41d9,The Rest Is Noise Listening To The Twentieth Century,34.77,1.0,3,Add A Comment
3c456328b04a8ee8,The Red Tent,35.66,5.0,3,Historical Fiction
0e7beedf0ee9380c,The Purpose Driven Life What On Earth Am I Here For,37.19,3.0,3,Add A Comment
969f6c7e86554814,The Purest Hook Second Circle Tattoos 3,12.25,1.0,3,Romance
b9f6305a3d650e2c,The Picture Of Dorian Gray,29.7,2.0,3,Classics
fa26798728f5208f,The Paris Wife,36.8,3.0,3,Default
ee441c8e027caa66,The Obsession,45.43,1.0,3,Romance
29d6d87f3418638b,The Nightingale,26.26,4.0,3,Fiction
3e42ac0f4d43320f,The New Guy And Other Senior Year Distractions,44.92,3.0,3,Young Adult
6263c1d2997b8ce0,The Nanny Diaries Nanny 1,52.53,5.0,3,Womens Fiction
0baf71623648413a,The Name Of God Is Mercy,37.25,2.0,3,Nonfiction
4266f48a0aa1c37d,The Maze Runner The Maze Runner 1,20.93,1.0,3,Default
36c15687f5ab0f7c,The LoverS Dictionary,58.09,2.0,3,Default
cf2f27fdf94ba20e,The Lonely Ones,43.59,5.0,3,Childrens
70c7c3ca7f9b2728,The Lean Startup How TodayS Entrepreneurs Use Continuous Innovation To Create Radically Successful Businesses,33.92,3.0,3,Business
476c7972e9b41891,The Last Painting Of Sara De Vos,55.55,2.0,3,Historical Fiction
35e69a79d2b1e804,The Land Of 10000 Madonnas,29.64,4.0,3,Young Adult
554e9e2d532b3a87,The Infinities,27.41,1.0,3,Fiction
ff6bb30dd0c482a6,The HusbandS Secret,52.51,5.0,3,Fiction
a8b0ea6490bc818f,The HitchhikerS Guide To The Galaxy HitchhikerS Guide To The Galaxy 1,47.8,3.0,3,Add A Comment
b5da59dd177eb36b,The Guns Of August,14.54,2.0,3,History
4a0a276409968a73,The Guernsey Literary And Potato Peel Pie Society,49.53,1.0,3,Historical Fiction
c88422d8959260ab,The Goldfinch,43.58,3.0,3,Default
e2dac1f4739e0bd5,The Giver The Giver Quartet 1,12.3,1.0,3,Default
92dcc54a27107a37,The Girl With All The Gifts,49.47,3.0,3,Horror
bfa9cb304075d3e8,The Girl Who Played With Fire Millennium Trilogy 2,22.14,2.0,3,Default
8f5d16a5a9bd58b2,The Girl Who Kicked The HornetS Nest Millennium Trilogy 3,57.48,1.0,3,Add A Comment
dd003e904727281a,The Exiled,43.45,3.0,3,Mystery
b3f2bc2cefb35f05,The End Of Faith Religion Terror And The Future Of Reason,22.13,4.0,3,Add A Comment
c6bf14cb901c63ac,The Elegant Universe Superstrings Hidden Dimensions And The Quest For The Ultimate Theory,13.03,4.0,3,Science
63c0826ef59eae66,The Disappearing Spoon And Other True Tales Of Madness Love And The History Of The World From The Periodic Table Of The Elements,57.35,5.0,3,Science
a6ab0cb7106a67f2,The Devil Wears Prada The Devil Wears Prada 1,44.29,1.0,3,Womens Fiction
f51062bf579507d9,The Demon-Haunted World Science As A Candle In The Dark,52.25,4.0,3,Default
b22362b434e8ee62,The Day The Crayons Came Home Crayons,26.33,5.0,3,Childrens
dabf11918b48b40c,The Da Vinci Code Robert Langdon 2,22.96,2.0,3,Fiction
1be6d3b121865edb,The CuckooS Calling Cormoran Strike 1,19.21,1.0,3,Mystery
cad70d6ffd53912f,The Complete Stories And Poems The Works Of Edgar Allan Poe Cameo Edition,26.78,4.0,3,Classics
23707d3ddf14a999,The Complete Poems,41.32,5.0,3,Add A Comment
487449f4f6322f0f,The Catcher In The Rye,24.55,1.0,3,Add A Comment
b7f475238ed50429,The Cat In The Hat Beginner Books B-1,16.26,2.0,3,Childrens
970bd3316219e7dc,The Case For Christ Cases For Christianity,47.84,1.0,3,Add A Comment
a75e274c8814b539,The Book Thief,53.49,2.0,3,Default
08decd9664e5d56e,The Book Of Basketball The Nba According To The Sports Guy,44.84,5.0,3,Sports And Games
cd3dcd83bb002e78,The Blind Side Evolution Of A Game,53.71,5.0,3,Add A Comment
b04a6a0db525857d,The Autobiography Of Malcolm X,23.43,2.0,3,Default
311634df10651e05,The Art Of Simple Food Notes Lessons And Recipes From A Delicious Revolution,34.32,3.0,3,Food And Drink
2858ac90c4758e1f,The Art Of Fielding,22.1,1.0,3,Fiction
61002f3b7ba5d780,Surely YouRe Joking Mr Feynman Adventures Of A Curious Character,25.83,2.0,3,Science
a11ae5f07572ef49,Stiff The Curious Lives Of Human Cadavers,36.74,3.0,3,Nonfiction
f08667e4c0458f37,Spilled Milk Based On A True Story,49.51,1.0,3,Nonfiction
ac27ab4bcd9c492e,Something Borrowed Darcy  Rachel 1,48.96,5.0,3,Womens Fiction
3fc9d51d1c4d6ba7,Something Blue Darcy  Rachel 2,54.62,1.0,3,Womens Fiction
feaaae90514eb2ac,Soldier Talon 3,24.72,2.0,3,Fantasy
c57d3c96af23c297,Shopaholic  Baby Shopaholic 5,46.45,2.0,3,Default
07806456878931bc,Seven Days In The Art World,52.33,2.0,3,Add A Comment
281a244ce1954711,Seven Brief Lessons On Physics,30.6,4.0,3,Science
510832818edb6fbc,Scarlet The Lunar Chronicles 2,14.57,4.0,3,Young Adult
5b2cd5b31a510848,SarahS Key,46.29,1.0,3,Add A Comment
7b870bf85d01c2dc,Saga Volume 3 Saga Collected Editions 3,21.57,5.0,3,Sequential Art
28921443f052bea6,Running With Scissors,12.91,4.0,3,Autobiography
b4f5672f68ec3a83,Rogue Lawyer Rogue Lawyer 1,50.11,3.0,3,Add A Comment
89cad3f37c9ce226,Rise Of The Rocket Girls The Women Who Propelled Us From Missiles To The Moon To Mars,41.67,4.0,3,Nonfiction
8e9dd8431170c09e,Rework,44.88,2.0,3,Business
ecdf73ee66c33b17,Reservations For Two,11.1,3.0,3,Romance
4c8ece50736f9e88,Red The True Story Of Red Riding Hood,28.54,3.0,3,Childrens
2ef5dc7e278e562a,Ready Player One,19.07,4.0,3,Science Fiction
3c565df219ba3274,Quiet The Power Of Introverts In A World That CanT Stop Talking,43.55,1.0,3,Default
9707989a439757b4,Prodigy The Graphic Novel Legend The Graphic Novel 2,43.63,3.0,3,Sequential Art
cb62418129b864a3,Persepolis The Story Of A Childhood Persepolis 1-2,39.13,1.0,3,Sequential Art
8e2dfd6bcf48e1e6,Packing For Mars The Curious Science Of Life In The Void,56.68,2.0,3,Default
09a7b0b566ad6225,Outliers The Story Of Success,14.16,1.0,3,Nonfiction
c59283b05905c853,Original Fake,31.45,3.0,3,Sequential Art
8378c899988905ee,Orange Is The New Black,24.61,2.0,3,Default
3250650a5c4e6f07,One For The Money Stephanie Plum 1,32.87,2.0,3,Default
cb65e49993db9a93,Notes From A Small Island Notes From A Small Island 1,40.17,1.0,3,Nonfiction
c4d9fce9eff3b8ba,Night The Night Trilogy 1,13.51,1.0,3,Nonfiction
747cf7fca2ccdbd4,Neither Here Nor There Travels In Europe,38.95,3.0,3,Travel
54aeeb4610d3ae08,Naked,31.69,3.0,3,Humor
7ce5a92baabb6bc0,Morning Star Red Rising 3,29.4,1.0,3,Default
7980fa06f2b704d8,Miracles From Heaven A Little Girl Her Journey To Heaven And Her Amazing Story Of Healing,57.83,1.0,3,Nonfiction
e9056f9b5a40a301,Midnight Riot Peter Grant Rivers Of London - Books 1,55.46,2.0,3,Fantasy
abc4a7ee16c21088,Me Talk Pretty One Day,57.6,2.0,3,Autobiography
546da23278482b0a,Manuscript Found In Accra,34.98,2.0,3,Add A Comment
0dcadb06206abd3c,Lust  Wonder,11.87,2.0,3,Autobiography
4ef75307fb64e2ad,Lila Gilead 3,12.47,3.0,3,Fiction
4b3f4f151c99f472,Life The Universe And Everything HitchhikerS Guide To The Galaxy 3,33.26,2.0,3,Science Fiction
c53d9fefcda371e9,Life Without A Recipe,59.04,5.0,3,Autobiography
4ec53ff7e2263f32,Life After Life,26.13,2.0,3,Default
1de75f05d57bfc10,Letter To A Christian Nation,22.2,1.0,3,Nonfiction
1246e4ffeb5ac4ea,LetS Pretend This Never Happened A Mostly True Memoir,45.11,1.0,3,Nonfiction
0ce8075fab4a2b5b,Legend Legend 1,43.69,4.0,3,Young Adult
d5e1a9bfe22bbf9f,Lean In Women Work And The Will To Lead,25.02,1.0,3,Default
190fbebbf798c31a,Lamb The Gospel According To Biff ChristS Childhood Pal,55.5,5.0,3,Humor
16e843e6b853cc2f,Lady Renegades Rebel Belle 3,53.04,5.0,3,Young Adult
a0dd11f6abc421ec,Jurassic Park Jurassic Park 1,44.97,1.0,3,Fiction
d4a29356fc992879,ItS Never Too Late To Begin Again Discovering Creativity And Meaning At Midlife And Beyond,42.38,1.0,3,Nonfiction
034829ffdd0a0aea,Is Everyone Hanging Out Without Me And Other Concerns,20.11,3.0,3,Default
a7c3f1010d64799a,Into The Wild,56.7,5.0,3,Nonfiction
6c4646d90b60a56c,Inferno Robert Langdon 4,41.0,5.0,3,Fiction
d8292cd5f1aca291,In The Garden Of Beasts Love Terror And An American Family In HitlerS Berlin,28.85,3.0,3,Nonfiction
61569d12d4ae7161,If I Run If I Run 1,49.97,4.0,3,Christian Fiction
6b32b561dab8036c,IVe Got Your Number,19.69,1.0,3,Womens Fiction
8010c7c148057fd3,I Am Malala The Girl Who Stood Up For Education And Was Shot By The Taliban,28.88,2.0,3,Nonfiction
6c4d17a46cac8787,Hungry Girl Clean  Hungry Easy All-Natural Recipes For Healthy Eating In The Real World,33.14,3.0,3,Food And Drink
1812b8f5641287e3,House Of Lost Worlds Dinosaurs Dynasties And The Story Of Life On Earth,43.7,2.0,3,History
557c03c284be1bf2,House Of Leaves,54.89,1.0,3,Horror
cc1ac978a6835ef6,Horrible Bear,37.52,2.0,3,Childrens
0cb4856be3694a57,Holidays On Ice,51.07,2.0,3,Humor
b003f8bb02f76dc5,Heir To The Sky,44.07,4.0,3,Fantasy
621e2c310cec8d32,Green Eggs And Ham Beginner Books B-16,10.79,4.0,3,Childrens
4f6985aca357ae09,Grayson Vol 3 Nemesis Grayson 3,42.72,1.0,3,Sequential Art
c300cc9326592b65,Gratitude,26.66,5.0,3,Nonfiction
d5c588b6f9c015e4,Gone Girl,37.6,5.0,3,Default
984b3b6e7479b571,Golden Heart Of Dread 3,42.21,4.0,3,Young Adult
41fc5dce044f16f5,Girl In The Blue Coat,46.83,2.0,3,Historical Fiction
d5f5a122a593b580,Fruits Basket Vol 3 Fruits Basket 3,45.17,2.0,3,Sequential Art
a9aa3ed5b316470b,Friday Night Lights A Town A Team And A Dream,51.22,3.0,3,Sports And Games
2ed3a794a70aa85f,Fire Bound Sea HavenSisters Of The Heart 5,21.28,4.0,3,Add A Comment
ed813a848580ba50,Fifty Shades Freed Fifty Shades 3,15.36,5.0,3,Adult Fiction
147019cae600694e,Fellside,38.62,1.0,3,Default
588ba85ff11a3263,Extreme Prey Lucas Davenport 26,25.4,3.0,3,Mystery
b843f52a986a2914,Eragon The Inheritance Cycle 1,43.87,3.0,3,Fantasy
73f71f9556442117,Eclipse Twilight 3,18.74,1.0,3,Default
36d5884d44484277,Dune Dune 1,54.86,1.0,3,Science Fiction
a7ec599c1a547746,Dracula,52.62,3.0,3,Default
98330e431e56a9ea,Do Androids Dream Of Electric Sheep Blade Runner 1,51.48,1.0,3,Science Fiction
81372abc86f65c79,Disrupted My Misadventure In The Start-Up Bubble,15.28,5.0,3,Nonfiction
04d858cdeeee0da4,Dead Wake The Last Crossing Of The Lusitania,39.24,5.0,3,Default
d234ddecef49ef4e,David And Goliath Underdogs Misfits And The Art Of Battling Giants,17.81,1.0,3,Default
468bd274ac084bb9,Darkfever Fever 1,56.02,1.0,3,Fantasy
66937c669c4da072,Dark Places,23.9,5.0,3,Default
c9782ad2a0ed9331,Crazy Rich Asians Crazy Rich Asians 1,49.13,5.0,3,Fiction
157f693d9e600ccc,Counting Thyme,10.62,1.0,3,Childrens
dbe33cf29ef1623d,Cosmos,36.17,2.0,3,Add A Comment
396385e3de5d18c3,Civilization And Its Discontents,59.95,2.0,3,Psychology
7e9579921e5407cb,Cinder The Lunar Chronicles 1,26.09,1.0,3,Young Adult
ef49db2aaa9bb547,Catastrophic Happiness Finding Joy In ChildhoodS Messy Years,37.35,2.0,3,Parenting
b461cf238506c5b8,Career Of Evil Cormoran Strike 3,24.72,2.0,3,Mystery
bbfc4a3b7b6c94a0,Breaking Dawn Twilight 4,35.28,5.0,3,Default
fd2337c1b73b686e,Brave Enough,51.32,5.0,3,Nonfiction
8e0bc2fe4e7d35b5,Boy Meets Boy,21.12,3.0,3,Young Adult
0bbc48294707ba96,Blink The Power Of Thinking Without Thinking,21.74,5.0,3,Nonfiction
860318b8e244f39c,Black Flags The Rise Of Isis,40.87,1.0,3,Nonfiction
15f415d436888b2d,Black Butler Vol 1 Black Butler 1,49.31,1.0,3,Sequential Art
d3f9c4539c0caa64,Big Little Lies,22.11,1.0,3,Fiction
155e42df837ee5ff,Between Shades Of Gray,20.79,5.0,3,Historical Fiction
67dea6c75d6a1075,Best Of My Love FoolS Gold 20,27.41,2.0,3,Romance
3fb69f34e178d494,Beowulf,38.35,2.0,3,Classics
5439bae708bca198,Beautiful Creatures Caster Chronicles 1,21.55,5.0,3,Default
1d89a2aa9f6ce50f,Awkward,38.02,2.0,3,Sequential Art
5d22e2a46604b6e7,Ash,22.06,4.0,3,Fantasy
ef9c4f2465513956,Are We There Yet,10.66,3.0,3,Childrens
da0349a87c8caa2f,Are We Smart Enough To Know How Smart Animals Are,56.58,1.0,3,Nonfiction
7bf87402413c27ff,Annie On My Mind,36.83,5.0,3,Young Adult
cfe350b20d23b02b,And Then There Were None,35.01,2.0,3,Classics
bcee4f289ff6699c,A Walk In The Woods Rediscovering America On The Appalachian Trail,30.48,4.0,3,Nonfiction
5dbd6ec4e154ad2f,A Visit From The Goon Squad,14.08,5.0,3,Default
87beabf664115d79,A Storm Of Swords A Song Of Ice And Fire 3,31.22,2.0,3,Fantasy
c9770bb1d5a492a0,A Heartbreaking Work Of Staggering Genius,54.29,5.0,3,Autobiography
f5873c8fc7760000,8 Keys To Mental Health Through Exercise,31.04,1.0,3,Psychology
165affa7adb5eded,Girlboss,50.96,1.0,3,Add A Comment
d2185b65af52d68c,The Suffragettes Little Black Classics 96,11.89,2.0,2,Nonfiction
4130678275eb7c8c,The Sense Of An Ending,31.38,3.0,2,Add A Comment
276dc716b1da8899,The Sandman Vol 2 The DollS House The Sandman Volumes 2,54.81,1.0,2,Sequential Art
f3c76b53b239f511,The Course Of Love,16.78,3.0,2,Fiction
ce42e3de94226b2b,Sugar Rush Offensive Line 2,24.42,1.0,2,Sports And Games
9189fd009df41d0e,Saga Volume 2 Saga Collected Editions 2,11.75,3.0,2,Sequential Art
b0e479be03911916,Run Spot Run The Ethics Of Keeping Pets,20.02,1.0,2,Philosophy
6fa3ea52c8e31e06,New Moon Twilight 2,12.86,4.0,2,Young Adult
637e5a45062aa548,Life,31.58,5.0,2,Music
fb495f9f9015a772,Kindle Paperwhite UserS Guide,34.0,3.0,2,Nonfiction
b6d3f4f4ee1f6069,H Is For Hawk,57.42,5.0,2,Nonfiction
97b8f130d32e9f4e,Girl Online On Tour Girl Online 2,53.47,1.0,2,Young Adult
c0db71f6bb14db11,Fruits Basket Vol 2 Fruits Basket 2,11.64,5.0,2,Sequential Art
d7b463918d3b8c39,Diary Of A Minecraft Zombie Book 1 A Scare Of A Dare An Unofficial Minecraft Book,52.88,4.0,2,Childrens
09d26b5f819c6a36,Y The Last Man Vol 1 Unmanned Y The Last Man 1,18.51,4.0,1,Sequential Art
8ceb5c6aed2c5f8b,While You Were Mine,41.32,5.0,1,Historical Fiction
def389ddfda6991b,Where Lightning Strikes Bleeding Stars 3,39.77,3.0,1,Romance
c5f91eb481427dc5,When IM Gone,51.96,3.0,1,Fiction
66a4e422b212726a,Ways Of Seeing,39.51,5.0,1,Art
e7e87087b1a44711,Vampire Knight Vol 1 Vampire Knight 1,15.4,1.0,1,Paranormal
dab5e75d1339706a,Vampire Girl Vampire Girl 1,53.82,2.0,1,Fantasy
e63c3f25338baf9a,Twenty Love Poems And A Song Of Despair,30.95,4.0,1,Poetry
0268f149d014b389,Travels With Charley In Search Of America,57.82,5.0,1,Nonfiction
460f97a346b44bac,Three Wishes River Of Time California 1,44.18,2.0,1,Science Fiction
d6d98d3508c30f57,This One Moment Pushing Limits 1,48.71,1.0,1,Romance
9c96cd1329fbd82d,The Zombie Room,19.69,5.0,1,Default
dac9d1e654fac737,The Wicked  The Divine Vol 1 The Faust Act The Wicked  The Divine,36.52,2.0,1,Sequential Art
6514add13c82b115,The Tumor,41.56,5.0,1,Nonfiction
32d035df92ab9080,The Story Of Hong Gildong,43.19,4.0,1,Classics
b78deb463531d078,The Silent Wife,12.34,5.0,1,Fiction
9e9932ae1a7d0943,The Silent Twin Detective Jennifer Knight 3,36.25,3.0,1,Fantasy
6f2c0a9adbb2bca9,The Selfish Gene,29.45,1.0,1,Science
38f776ab9118aed7,The Secret Healer,34.56,3.0,1,Historical Fiction
5faefdc861684eb1,The Sandman Vol 1 Preludes And Nocturnes The Sandman Volumes 1,54.12,3.0,1,Sequential Art
0ec9d2b018fb10d8,The Republic,33.78,3.0,1,Add A Comment
f0512adadffd2480,The Odyssey,29.64,3.0,1,Add A Comment
b0913e67d38d5ed5,The No 1 Ladies Detective Agency No 1 Ladies Detective Agency 1,57.7,4.0,1,Mystery
5c10b64db3e4f228,The Nicomachean Ethics,36.34,1.0,1,Philosophy
c8614adb1a90b027,The Name Of The Wind The Kingkiller Chronicle 1,50.59,3.0,1,Default
c40b70e0f6d80189,The Mirror  The Maze The Wrath And The Dawn 15,29.38,1.0,1,Fantasy
1aeca7d078d57deb,The Little Prince,45.42,2.0,1,Classics
04e43893e32f9d29,The Light Of The Fireflies,54.43,1.0,1,Add A Comment
16c71736dae78764,The Last Girl The Dominion Trilogy 1,36.26,2.0,1,Science Fiction
86d8bd7afa5b51b3,The Iliad,16.16,1.0,1,Add A Comment
6e473eff459e809f,The Hook Up Game On 1,36.29,5.0,1,New Adult
fff8a057a40c4a60,The Haters,27.89,5.0,1,Young Adult
4280ac3eab57aa5d,The Girl You Lost,12.29,5.0,1,Mystery
ee61197edb882599,The Girl In The Ice Dci Erika Foster 1,15.85,3.0,1,Mystery
09659d1639a1f978,The End Of The Jesus Era An Investigation 1,14.4,1.0,1,Nonfiction
29fc016c459aeb14,The Edge Of Reason Bridget Jones 2,19.18,4.0,1,Womens Fiction
3301af038a720587,The Complete Maus Maus 1-2,10.64,3.0,1,Sequential Art
18b4545a5ed15581,The Communist Manifesto,14.76,3.0,1,Add A Comment
f3a0b8c835129558,The Bhagavad Gita,57.49,3.0,1,Religion
dfb0849016bc122c,The Bette Davis Club,30.66,3.0,1,Fiction
5bc1fbccfbf2355c,The Art Of Not Breathing,40.83,4.0,1,Young Adult
a7eef9d6795422c1,Taking Shots Assassins 1,18.88,2.0,1,Default
e25164e5b3fe208b,Starlark,25.83,3.0,1,Historical Fiction
2ac720f76384c57e,Skip Beat Vol 01 Skip Beat 1,42.12,3.0,1,Sequential Art
3a9a7c5895e82646,Sister Sable The Mad Queen 1,13.33,3.0,1,Fantasy
9ed7090d8fa690b0,Shatter Me Shatter Me 1,42.4,1.0,1,Default
c068c013d6921fea,Shameless,58.35,3.0,1,New Adult
229cd6564bf0dce4,Shadow Rites Jane Yellowrock 10,21.72,4.0,1,Fantasy
132adf7335bb384a,Settling The Score The Summer Games 1,44.91,2.0,1,Sports And Games
35e44170702139a4,Sense And Sensibility,37.46,1.0,1,Classics
4f64568dfefa3ce7,Saga Volume 1 Saga Collected Editions 1,28.48,1.0,1,Sequential Art
9efb397067eb7e8a,Rhythm Chord  Malykhin,28.34,2.0,1,Romance
3cdca3b4a93980f5,Rat Queens Vol 1 Sass  Sorcery Rat Queens Collected Editions 1-5,46.96,5.0,1,Sequential Art
849db7ab7f4a640c,Paradise Lost Paradise 1,24.96,1.0,1,Default
bcbcbcf0f6ed196f,Paper Girls Vol 1 Paper Girls 1-5,21.71,4.0,1,Sequential Art
326825e02a198cf6,Ouran High School Host Club Vol 1 Ouran High School Host Club 1,29.87,3.0,1,Sequential Art
8932e5c12f12ffed,Origins Alphas 05,28.99,1.0,1,Fantasy
7ea31f38675b91c1,One Second Seven 7,52.94,2.0,1,Fantasy
9ff997ab15713e53,On The Road Duluoz Legend,32.36,3.0,1,Default
a1985630339f4b3d,Old Records Never Die One ManS Quest For His Vinyl And His Past,55.66,2.0,1,Music
b6f1cfadc4dd79d4,Off Sides Off 1,39.45,5.0,1,New Adult
39592d9d72e717c4,Of Mice And Men,47.11,2.0,1,Classics
63e20a0f98218a87,Myriad Prentor 1,58.75,4.0,1,Fantasy
fd78f89878479f56,My Perfect Mistake Over The Top 1,38.92,2.0,1,Romance
35a60467893aa168,Ms Marvel Vol 1 No Normal Ms Marvel 2014-2015 1,39.39,4.0,1,Sequential Art
4f19709e47883df5,Meditations,25.89,2.0,1,Philosophy
1053fb7ee17a1f33,Matilda,28.34,1.0,1,Childrens
d510567580c8be52,Lost Among The Living,27.7,4.0,1,Historical Fiction
71a6471bbdac21d9,Lord Of The Flies,24.89,3.0,1,Add A Comment
6e712ea24e77bd96,Listen To Me Fusion 1,58.99,3.0,1,Romance
06f6a57a6d532844,Kitchens Of The Great Midwest,57.2,5.0,1,Fiction
8d390a1fc3133d06,Jane Eyre,38.43,5.0,1,Default
f28f7299d38c0932,Imperfect Harmony,34.74,4.0,1,Romance
3455b45888fb5053,Icing Aces Hockey 2,40.44,4.0,1,Sports And Games
6fe02600f322a0a9,Hawkeye Vol 1 My Life As A Weapon Hawkeye 1,45.24,3.0,1,Sequential Art
6717a70913b3db79,Having The BarbarianS Baby Ice Planet Barbarians 75,34.96,4.0,1,Science Fiction
eb0fe24bbc845ecc,Giant Days Vol 1 Giant Days 1-4,56.76,4.0,1,Sequential Art
72e6fbf4f6382557,Fruits Basket Vol 1 Fruits Basket 1,40.28,5.0,1,Sequential Art
a492f49a3e2b6a71,Frankenstein,38.0,2.0,1,Default
e564c3f1a93ccf2e,Forever Rockers The Rocker 12,28.8,3.0,1,Music
6390772a3094939d,Fighting Fate Fighting 6,39.24,3.0,1,Romance
2e69730561ed70ad,Emma,32.93,2.0,1,Classics
df56868afd166557,Eat Pray Love,51.32,3.0,1,Nonfiction
0072b94dfa30608e,Deep Under Walker Security 1,47.09,5.0,1,Romance
a812f6969ddf3e39,Choosing Our Religion The Spiritual Lives Of AmericaS Nones,28.42,4.0,1,Religion
1774749f2cee292f,Charlie And The Chocolate Factory Charlie Bucket 1,22.85,3.0,1,Childrens
a96404cb928895f3,CharityS Cross Charles Towne Belles 4,41.24,1.0,1,Romance
230ac636ea0ea415,Bright Lines,39.07,5.0,1,Fiction
a2b4b685dfa94733,Bridget JonesS Diary Bridget Jones 1,29.82,1.0,1,Womens Fiction
abc0b15f2c907ff0,Bounty Colorado Mountain 7,37.26,4.0,1,Romance
95cdfd514098c38b,Blood Defense Samantha Brinkman 1,20.3,3.0,1,Mystery
099fae4a0705d63b,Bleach Vol 1 Strawberry And The Soul Reapers Bleach 1,34.65,5.0,1,Sequential Art
08672cd59171d5e4,Beyond Good And Evil,43.38,1.0,1,Philosophy
cd2a2a70dd5d176d,Alice In Wonderland AliceS Adventures In Wonderland 1,55.53,1.0,1,Classics
bfd5e1701c862ac3,Ajin Demi-Human Volume 1 Ajin Demi-Human 1,57.06,4.0,1,Sequential Art
19fec36a1dfb4c16,A SpyS Devotion The Regency Spies Of London 1,16.97,5.0,1,Historical Fiction
f684a82adc49f011,1St To Die WomenS Murder Club 1,53.98,1.0,1,Mystery
228ba5e7577e1d49,1000 Places To See Before You Die,26.08,5.0,1,Travel
